region_code,region_name,age,sex,1968,1969,1970,1971,1972,1973,1974,1975,1976,1977,1978,1979,1980,1981,1982,1983,1984,1985,1986,1987,1988,1989,1990,1991,1992,1993,1994,1995,1996,1997,1998,1999,2000,2001,2002,2003,2004,2005,2006,2007,2008,2009,2010,2011,2012,2013,2014,2015,2016,2017,2018,2019
SE110,Stockholms län,0-4,M,170,185,142,167,141,142,104,119,105,98,107,113,108,84,84,71,82,87,74,82,104,95,108,91,79,85,83,61,54,49,58,47,54,52,44,42,46,42,49,38,42,45,40,29,42,44,35,45,34,36,46,29
SE110,Stockholms län,0-4,F,136,85,85,104,92,103,95,71,68,64,84,79,59,72,74,66,60,70,66,75,58,77,78,70,64,60,46,51,40,29,34,38,31,26,43,36,32,39,41,40,38,31,34,29,33,42,20,33,34,37,32,22
SE110,Stockholms län,5-14,M,48,37,30,37,39,27,34,31,30,26,24,30,19,21,14,24,15,16,20,15,22,20,19,13,20,11,13,17,13,15,13,17,10,10,9,11,12,9,9,8,12,15,8,9,10,8,3,8,14,11,11,8
SE110,Stockholms län,5-14,F,29,20,23,22,23,27,21,17,25,19,14,18,20,11,19,9,15,6,11,10,18,3,15,13,7,16,18,4,12,10,10,16,18,15,3,4,11,4,6,14,4,6,5,12,8,9,10,9,13,11,10,6
SE110,Stockholms län,15-24,M,103,92,120,107,116,86,60,77,100,100,91,93,70,79,72,82,57,72,87,87,84,82,86,80,66,68,51,54,41,52,48,52,68,66,48,52,53,48,61,41,65,45,69,55,45,45,58,60,47,57,44,54
SE110,Stockholms län,15-24,F,51,45,62,49,47,30,40,47,51,37,47,38,43,36,31,35,35,26,27,32,36,36,34,24,28,33,30,25,25,28,25,24,22,13,25,23,25,18,21,24,14,24,25,19,29,30,24,32,22,23,23,19
SE110,Stockholms län,25-34,M,174,162,133,173,178,178,158,184,197,191,180,189,190,165,149,144,163,135,160,160,167,179,170,154,162,120,123,118,103,98,106,110,110,106,102,81,76,70,86,83,86,75,85,96,104,90,111,97,107,122,105,92
SE110,Stockholms län,25-34,F,75,85,71,65,92,89,84,90,104,78,94,99,77,65,68,78,66,74,61,85,83,67,57,60,64,63,66,58,49,51,44,48,36,39,47,50,41,32,45,36,37,38,42,43,33,36,40,44,45,48,56,42
SE110,Stockholms län,35-44,M,227,250,228,264,214,217,216,229,268,252,253,276,265,244,286,227,259,257,263,255,288,266,254,248,231,236,256,253,214,198,187,182,163,199,154,179,137,137,148,113,132,141,125,115,133,135,134,127,133,134,161,129
SE110,Stockholms län,35-44,F,142,146,123,132,148,121,130,117,108,120,119,135,145,107,133,112,126,135,142,153,140,155,147,137,110,120,135,88,85,105,116,121,107,79,107,87,99,86,85,96,81,85,81,69,74,82,84,70,81,64,73,75
SE110,Stockholms län,45-54,M,551,598,560,609,623,576,614,624,586,550,538,528,481,488,421,451,412,423,428,444,418,412,474,460,496,512,488,501,465,462,446,394,399,415,364,399,394,341,317,320,306,348,342,325,296,302,308,311,298,284,274,281
SE110,Stockholms län,45-54,F,338,349,366,359,357,294,300,312,335,313,253,295,250,241,259,252,217,208,251,219,284,261,268,288,266,273,335,319,317,288,263,299,249,258,224,224,210,190,213,218,208,201,196,204,203,209,211,178,194,198,200,163
SE110,Stockholms län,55-64,M,1270,1285,1255,1258,1230,1233,1312,1320,1294,1289,1211,1311,1335,1197,1186,1059,1094,1075,1018,984,928,888,884,841,789,780,775,780,692,703,756,798,824,823,840,899,860,864,921,877,886,808,816,727,671,657,676,695,691,663,673,650
SE110,Stockholms län,55-64,F,704,762,707,700,692,636,670,681,650,672,634,680,656,700,630,602,562,583,511,563,519,515,504,506,478,431,485,409,456,476,470,487,553,560,562,559,608,581,558,582,508,545,510,499,494,435,440,445,431,434,433,411
SE110,Stockholms län,65-74,M,1901,1970,1863,1982,1997,2016,2059,2163,2154,2205,2226,2280,2219,2220,2143,2086,1994,2063,2167,2099,2027,1916,1967,1981,1933,1909,1719,1665,1633,1553,1570,1437,1408,1312,1310,1337,1298,1303,1330,1287,1356,1407,1481,1530,1493,1530,1513,1592,1623,1534,1606,1509
SE110,Stockholms län,65-74,F,1475,1510,1395,1412,1345,1362,1405,1440,1498,1416,1461,1447,1465,1387,1362,1290,1259,1345,1301,1281,1337,1295,1216,1249,1222,1243,1097,1129,1099,1039,1032,978,884,971,899,900,864,831,806,894,917,954,1009,971,1074,1064,1099,1169,1185,1189,1198,1056
SE110,Stockholms län,75-84,M,1852,1964,1868,1910,1920,1868,2012,2081,2175,2081,2064,2196,2135,2261,2244,2323,2334,2466,2570,2562,2708,2568,2740,2614,2600,2571,2465,2672,2591,2579,2592,2656,2532,2475,2557,2555,2423,2313,2296,2154,2087,1947,2021,2004,1901,1925,2060,2101,2103,2132,2317,2264
SE110,Stockholms län,75-84,F,2303,2341,2276,2284,2338,2290,2306,2426,2393,2340,2444,2458,2467,2439,2534,2495,2573,2589,2618,2678,2779,2724,2840,2756,2663,2715,2442,2628,2601,2555,2469,2508,2502,2520,2472,2412,2370,2179,2172,2167,2011,1830,1895,1803,1889,1830,1811,1804,1824,1889,1963,1946
SE110,Stockholms län,85-94,M,695,685,712,694,711,846,805,856,850,864,851,849,949,909,859,1004,946,969,1004,1154,1145,1078,1166,1238,1238,1352,1303,1447,1528,1557,1644,1642,1780,1681,1819,1790,1782,2006,2003,2044,2085,2092,2169,2194,2196,2075,2108,2197,2115,2159,2163,2115
SE110,Stockholms län,85-94,F,1233,1286,1246,1230,1375,1462,1442,1529,1708,1678,1827,1855,1856,1980,1921,2003,2062,2185,2310,2340,2521,2492,2658,2620,2657,2883,2695,2948,3108,3157,3146,3339,3234,3265,3463,3289,3124,3308,3334,3481,3441,3262,3458,3485,3429,3302,3366,3289,3272,3134,3088,2837
SE110,Stockholms län,95+,M,29,31,50,45,56,38,42,49,56,59,61,60,56,74,84,71,73,88,82,99,88,83,90,102,96,90,108,129,125,167,120,145,170,161,173,203,184,205,212,264,274,263,271,293,322,319,339,395,419,434,454,460
SE110,Stockholms län,95+,F,87,97,97,96,120,114,151,151,147,165,169,182,236,269,227,279,301,341,335,380,451,386,384,433,465,439,436,471,559,581,541,655,656,723,800,811,852,911,945,1004,950,985,955,1060,1051,1046,1180,1129,1228,1242,1256,1200
SE121,Uppsala län,0-4,M,28,32,26,24,34,30,22,12,8,12,11,14,10,21,13,18,11,11,12,15,13,15,12,20,23,13,13,13,4,7,5,8,5,9,9,8,4,10,6,2,6,10,6,7,11,9,3,2,3,10,5,6
SE121,Uppsala län,0-4,F,11,13,18,23,21,16,16,11,9,13,11,11,11,15,9,7,9,8,10,11,15,10,18,18,12,5,11,6,8,10,11,4,6,11,9,2,6,4,3,8,8,7,7,2,6,10,10,6,4,3,4,4
SE121,Uppsala län,5-14,M,3,5,10,2,9,3,6,6,4,8,5,6,5,4,5,5,4,3,6,3,1,1,4,3,2,2,3,1,3,2,3,0,1,3,3,3,2,1,3,2,1,0,4,1,1,1,0,1,1,2,2,1
SE121,Uppsala län,5-14,F,3,2,2,1,5,3,5,3,6,2,0,4,4,1,4,3,3,2,0,2,1,2,3,1,2,1,2,3,2,2,0,2,3,1,4,0,3,2,0,1,1,1,0,0,4,0,0,3,1,1,0,1
SE121,Uppsala län,15-24,M,18,18,22,15,18,19,13,23,14,13,13,12,14,15,15,9,13,10,11,9,16,12,7,9,8,10,3,11,3,9,8,8,12,11,10,7,12,12,9,11,12,5,16,9,7,12,10,8,7,8,11,10
SE121,Uppsala län,15-24,F,9,7,5,11,2,8,9,6,6,5,6,4,9,8,5,4,6,4,2,9,3,5,4,6,6,1,6,6,1,3,3,7,6,5,4,5,3,1,7,7,8,5,12,4,2,1,5,3,7,3,7,5
SE121,Uppsala län,25-34,M,23,27,18,25,31,25,17,38,26,32,31,31,30,32,31,16,13,27,15,26,21,15,17,17,18,25,15,25,18,10,10,15,11,15,14,13,11,12,10,13,20,11,11,10,12,19,12,17,12,25,22,17
SE121,Uppsala län,25-34,F,10,12,13,13,10,16,16,14,12,17,8,8,8,8,6,20,14,8,10,13,7,4,11,9,4,10,8,5,6,4,4,5,6,2,9,2,10,7,11,4,6,6,4,14,5,10,6,7,7,7,6,6
SE121,Uppsala län,35-44,M,22,30,20,26,24,40,40,24,30,37,30,38,33,22,44,34,32,34,36,36,35,29,32,36,40,29,27,31,25,18,22,22,22,13,20,24,14,20,20,12,26,22,16,21,23,23,15,22,23,29,20,24
SE121,Uppsala län,35-44,F,22,15,15,12,21,10,21,18,16,11,16,28,13,12,19,21,23,14,20,21,20,23,17,18,14,10,15,14,15,16,11,12,9,10,12,15,12,16,12,14,10,12,9,14,16,12,10,11,14,12,8,13
SE121,Uppsala län,45-54,M,60,49,70,47,80,51,65,62,63,61,57,51,73,53,44,59,50,57,40,47,54,45,52,67,50,63,60,56,79,64,61,52,64,41,55,51,56,42,39,52,45,31,36,39,23,42,38,31,47,47,50,32
SE121,Uppsala län,45-54,F,39,33,38,41,52,33,35,28,30,26,30,25,30,31,25,26,26,31,26,38,28,29,40,37,41,41,50,47,50,57,39,47,35,51,34,37,29,36,31,33,30,25,30,29,37,34,31,27,27,31,34,31
SE121,Uppsala län,55-64,M,152,127,131,142,142,139,141,127,154,130,148,117,143,128,123,146,129,133,101,138,118,114,105,109,99,91,105,102,91,103,100,77,116,123,134,106,100,121,131,137,117,152,120,132,119,102,96,118,109,96,89,101
SE121,Uppsala län,55-64,F,95,91,69,83,94,73,85,74,91,84,80,77,75,80,83,66,68,75,63,58,66,62,64,67,56,70,79,76,72,67,61,77,76,72,79,85,79,82,98,72,104,91,82,91,79,69,70,81,64,78,77,62
SE121,Uppsala län,65-74,M,288,293,279,267,286,297,309,293,308,263,314,289,309,311,311,309,272,309,268,283,293,295,293,247,278,240,229,242,219,211,200,238,188,217,196,197,212,201,199,225,204,209,226,242,261,280,289,269,303,287,298,264
SE121,Uppsala län,65-74,F,210,214,222,214,200,199,203,163,199,188,222,214,168,194,205,159,184,187,177,157,191,175,176,181,161,156,146,136,141,134,162,116,118,136,120,126,114,153,140,135,163,156,175,170,171,181,203,205,191,207,211,189
SE121,Uppsala län,75-84,M,393,347,344,391,430,380,409,445,418,441,430,405,428,414,443,424,439,456,426,447,483,473,440,459,422,441,374,414,450,410,413,435,437,389,383,386,379,374,373,389,405,368,358,378,369,392,391,366,373,408,440,445
SE121,Uppsala län,75-84,F,374,399,378,385,383,387,382,361,385,398,349,378,419,408,389,405,383,380,368,351,389,359,399,381,412,351,393,357,372,395,371,351,355,368,383,392,332,353,310,362,314,321,334,340,302,320,298,326,313,340,341,348
SE121,Uppsala län,85-94,M,170,175,165,206,192,197,224,196,182,212,215,195,230,214,219,235,216,255,247,218,312,233,274,271,294,284,249,287,325,310,361,297,296,371,362,318,358,352,365,420,391,421,423,431,462,429,387,448,425,431,421,389
SE121,Uppsala län,85-94,F,191,213,215,237,242,240,255,262,246,274,283,308,305,349,351,354,327,374,367,348,408,420,416,393,411,415,434,427,485,431,496,491,494,533,517,543,541,507,495,613,562,584,605,587,618,574,603,566,548,540,536,546
SE121,Uppsala län,95+,M,9,7,10,10,14,13,11,11,10,17,14,9,19,18,19,21,21,17,23,29,18,24,17,28,20,32,30,22,33,32,38,39,36,44,49,45,43,47,41,56,47,65,52,47,72,72,65,67,70,74,83,81
SE121,Uppsala län,95+,F,14,9,20,14,24,24,14,28,20,26,21,29,25,29,33,53,57,53,56,48,68,52,72,74,82,93,87,85,98,84,103,113,124,101,129,116,134,120,145,165,154,158,148,166,155,140,169,170,197,190,203,194
SE122,Södermanlands län,0-4,M,33,22,29,25,25,29,26,12,14,18,14,14,14,18,5,15,15,11,13,12,16,12,12,17,13,11,8,8,12,12,5,5,8,7,9,7,4,9,5,5,6,7,8,7,8,4,5,11,7,2,6,6
SE122,Södermanlands län,0-4,F,13,15,22,27,13,20,22,12,9,7,9,13,13,9,13,9,9,12,7,12,13,7,12,11,10,14,6,7,4,7,2,1,2,10,5,4,5,4,4,5,11,6,6,5,7,5,2,7,8,10,5,5
SE122,Södermanlands län,5-14,M,10,7,6,11,6,7,2,10,3,4,8,7,3,10,1,2,3,6,8,1,5,3,3,3,3,9,4,6,4,1,1,2,1,2,1,1,2,2,1,1,1,1,1,0,1,2,0,1,2,1,1,1
SE122,Södermanlands län,5-14,F,6,5,3,3,6,2,3,7,4,2,5,4,2,2,3,3,0,1,3,3,1,1,0,1,3,1,1,1,1,0,2,2,1,0,0,4,2,7,2,0,1,2,0,3,0,1,1,1,2,1,0,0
SE122,Södermanlands län,15-24,M,18,25,13,22,15,11,11,14,17,9,15,16,18,17,17,18,13,8,16,12,9,19,19,6,10,12,7,9,12,5,8,4,8,14,14,5,4,9,8,7,12,8,13,7,11,13,9,4,7,5,13,8
SE122,Södermanlands län,15-24,F,9,13,8,6,6,9,7,4,13,9,8,4,6,4,6,4,5,7,7,6,8,3,3,1,7,3,4,2,2,4,3,0,3,1,7,5,0,2,2,3,2,3,5,6,2,5,2,2,2,4,3,6
SE122,Södermanlands län,25-34,M,20,21,25,21,22,17,30,31,25,30,33,21,16,14,12,25,18,21,14,24,16,22,20,11,11,16,15,17,21,10,12,14,12,14,14,13,12,13,12,12,13,10,10,12,12,20,13,17,19,12,13,17
SE122,Södermanlands län,25-34,F,9,5,9,6,13,7,5,13,17,8,10,4,8,10,9,6,10,6,6,7,7,5,9,9,4,6,4,8,8,6,1,1,3,6,6,4,6,11,11,4,6,4,2,2,5,6,4,4,7,1,9,7
SE122,Södermanlands län,35-44,M,25,25,24,36,29,24,28,38,19,28,30,36,16,40,35,45,34,33,33,39,37,35,32,31,32,40,23,28,24,17,13,25,16,26,21,26,21,24,25,30,26,22,14,20,21,14,13,16,16,22,19,17
SE122,Södermanlands län,35-44,F,23,13,27,28,15,15,13,14,16,14,17,18,25,16,21,23,16,24,19,22,25,19,21,16,15,13,23,7,17,9,13,11,13,13,12,8,12,13,13,13,12,15,13,9,13,14,7,4,9,14,10,9
SE122,Södermanlands län,45-54,M,66,75,64,72,75,84,83,65,81,61,77,78,66,72,59,59,59,66,55,70,59,76,61,73,79,63,65,71,54,59,65,67,74,51,57,48,66,42,60,65,46,43,38,55,50,36,32,57,37,54,56,44
SE122,Södermanlands län,45-54,F,53,52,42,55,46,47,42,50,45,47,43,33,40,39,39,36,29,35,33,35,40,33,32,38,39,52,41,47,60,39,49,50,35,38,37,32,36,40,25,37,31,37,20,22,28,31,25,36,33,31,15,25
SE122,Södermanlands län,55-64,M,200,195,181,180,194,195,185,187,215,195,191,198,211,190,157,188,170,158,157,158,131,149,138,149,148,137,138,107,108,128,114,133,133,139,146,139,128,151,159,141,139,139,130,108,123,113,119,128,86,94,98,118
SE122,Södermanlands län,55-64,F,105,132,116,119,113,99,126,123,108,112,103,123,106,111,93,103,83,110,98,88,83,72,66,83,65,70,64,59,62,86,72,79,92,86,96,106,107,88,104,93,117,96,92,85,87,77,77,72,72,76,75,63
SE122,Södermanlands län,65-74,M,364,401,359,407,402,388,418,411,460,432,433,437,430,426,401,414,388,404,421,402,430,367,320,361,329,388,342,306,310,259,297,272,280,248,257,252,227,222,232,234,268,286,267,274,281,273,299,298,316,307,303,263
SE122,Södermanlands län,65-74,F,250,295,242,270,264,274,288,281,252,247,256,264,211,256,236,279,242,242,219,263,233,217,213,202,249,209,205,180,196,204,178,190,159,196,166,185,186,153,146,178,175,171,167,204,191,205,180,191,200,224,198,199
SE122,Södermanlands län,75-84,M,472,427,418,456,449,444,501,496,506,515,527,520,539,559,525,508,514,535,519,541,608,571,580,569,556,550,516,520,534,536,501,512,471,534,520,511,478,477,432,416,455,449,418,448,457,419,414,432,439,478,471,470
SE122,Södermanlands län,75-84,F,447,420,435,434,462,410,422,483,460,441,503,469,460,445,462,490,478,495,467,481,497,469,515,476,479,510,469,469,431,440,466,489,480,441,444,385,383,405,405,408,372,361,381,369,359,369,342,350,373,362,410,389
SE122,Södermanlands län,85-94,M,165,164,167,203,193,189,169,185,215,200,221,230,224,212,241,248,217,241,251,263,254,262,274,295,275,308,316,348,327,376,375,367,364,398,356,388,386,383,401,388,416,436,428,416,443,420,422,449,445,432,425,406
SE122,Södermanlands län,85-94,F,215,207,207,232,220,243,235,241,290,281,300,287,317,328,364,331,354,410,373,380,395,428,432,473,477,504,479,514,540,518,526,579,562,599,570,516,561,579,595,640,670,664,632,643,635,573,577,630,622,586,590,585
SE122,Södermanlands län,95+,M,5,12,7,9,10,6,12,18,12,15,18,14,17,19,14,16,14,24,19,24,28,28,15,21,29,21,24,30,20,22,27,32,33,47,42,34,34,39,47,42,56,50,45,52,56,54,57,50,71,75,74,67
SE122,Södermanlands län,95+,F,20,14,19,16,28,19,16,17,30,20,28,24,24,30,41,41,35,41,47,57,54,69,51,61,83,74,84,80,88,77,98,118,104,99,112,124,112,107,154,160,167,148,147,137,148,184,169,162,184,177,214,185
SE123,Östergötlands län,0-4,M,45,29,50,43,36,30,32,38,26,34,24,25,24,17,21,22,24,18,18,16,23,20,26,22,19,17,23,15,13,8,14,10,4,11,11,9,5,9,10,5,11,6,15,9,3,8,10,7,8,6,5,4
SE123,Östergötlands län,0-4,F,23,34,36,32,23,29,21,26,21,17,15,16,11,15,24,18,19,15,10,18,15,21,13,23,9,18,9,12,15,15,8,7,6,5,6,8,9,4,8,10,7,9,8,9,5,7,8,3,7,8,12,11
SE123,Östergötlands län,5-14,M,9,7,12,9,9,12,5,5,7,9,9,5,4,3,4,5,3,0,5,5,3,4,6,1,3,4,8,5,4,4,1,10,4,4,2,2,1,2,5,2,0,5,2,2,1,4,4,3,2,3,5,1
SE123,Östergötlands län,5-14,F,7,5,7,12,4,7,7,4,5,4,6,2,7,3,3,1,4,0,1,4,2,4,1,0,2,2,3,2,1,4,2,6,2,0,3,3,4,0,4,2,2,1,5,1,2,1,1,3,2,1,2,3
SE123,Östergötlands län,15-24,M,29,23,22,17,25,33,29,32,19,19,25,10,16,24,14,15,26,28,30,22,21,12,17,15,16,11,17,11,8,11,9,10,8,14,17,6,12,5,14,12,15,16,11,7,14,15,12,7,13,8,11,9
SE123,Östergötlands län,15-24,F,10,16,8,10,10,9,11,8,9,8,6,8,6,12,7,7,5,3,4,6,5,8,4,8,6,5,3,8,5,7,6,1,4,5,11,3,6,8,7,4,4,5,4,7,4,6,9,1,3,3,6,3
SE123,Östergötlands län,25-34,M,35,27,36,32,27,37,25,39,30,32,39,46,42,31,24,29,20,28,21,27,33,44,19,28,20,23,24,22,26,15,26,15,16,12,25,13,6,17,12,21,14,15,12,19,22,21,22,16,18,26,14,26
SE123,Östergötlands län,25-34,F,15,9,10,16,20,26,10,17,18,18,11,12,9,5,12,7,13,8,13,7,11,11,15,14,7,10,18,9,9,9,13,10,8,4,12,10,6,10,5,8,5,6,8,5,6,11,6,10,10,10,13,9
SE123,Östergötlands län,35-44,M,47,47,37,49,47,35,48,43,38,58,50,45,51,55,46,41,52,53,51,50,54,38,37,51,44,40,39,50,28,41,29,36,40,30,33,34,34,24,35,33,18,24,30,21,25,30,24,21,25,25,25,22
SE123,Östergötlands län,35-44,F,24,32,22,31,26,26,28,25,19,32,23,28,30,43,29,28,31,22,30,27,18,32,25,29,20,19,27,25,19,18,23,18,18,27,21,18,19,21,27,16,15,23,16,14,20,17,14,12,19,18,19,17
SE123,Östergötlands län,45-54,M,117,128,129,117,120,110,124,129,120,97,111,108,111,95,104,81,80,90,79,88,84,90,84,105,91,103,105,105,107,117,94,82,97,77,75,72,73,81,62,76,66,69,65,64,81,70,57,63,68,58,52,65
SE123,Östergötlands län,45-54,F,77,79,86,69,81,81,65,71,67,78,61,57,53,68,56,49,62,63,42,48,49,56,53,55,50,53,58,54,59,67,54,51,64,60,51,62,50,40,43,41,45,56,44,41,42,50,36,31,38,40,26,38
SE123,Östergötlands län,55-64,M,283,354,307,315,338,313,298,329,300,297,295,307,298,318,278,279,273,274,239,188,222,217,213,190,197,177,191,176,194,155,168,155,176,206,194,189,206,204,195,183,196,162,171,176,158,168,147,146,153,147,146,145
SE123,Östergötlands län,55-64,F,207,180,159,196,151,182,156,165,161,144,165,160,159,140,141,118,152,149,126,140,111,120,125,102,102,112,119,119,121,85,109,103,124,128,125,113,132,146,126,154,150,111,130,107,116,108,99,99,106,80,103,96
SE123,Östergötlands län,65-74,M,567,617,596,674,600,725,670,676,683,644,655,691,680,703,640,623,567,563,584,589,558,539,485,560,509,497,482,497,452,436,393,407,347,386,378,354,321,355,301,345,361,373,381,366,345,379,399,410,432,406,404,349
SE123,Östergötlands län,65-74,F,468,469,418,371,443,469,413,418,411,400,410,407,387,408,407,368,335,375,331,350,352,299,346,309,329,330,316,244,307,257,242,283,259,204,224,223,236,242,259,226,246,244,229,253,290,289,271,286,294,266,273,266
SE123,Östergötlands län,75-84,M,674,710,672,663,715,794,774,714,821,738,812,825,846,807,829,788,812,865,837,808,906,851,861,894,886,902,789,811,893,837,791,853,739,798,776,836,720,722,668,701,626,627,597,572,605,589,611,644,566,609,605,603
SE123,Östergötlands län,75-84,F,727,748,609,684,679,681,699,754,775,675,752,775,775,786,807,730,842,789,757,749,807,798,744,767,771,837,733,751,767,738,642,687,687,698,716,648,662,661,620,612,558,582,526,521,496,541,503,481,491,527,530,526
SE123,Östergötlands län,85-94,M,312,284,262,282,260,335,306,324,310,321,346,359,372,386,360,372,363,395,405,395,479,442,441,433,502,497,485,524,548,530,556,580,612,555,590,594,605,613,587,612,693,665,641,653,699,678,678,620,675,724,686,649
SE123,Östergötlands län,85-94,F,318,369,353,325,326,395,392,420,438,492,434,512,536,534,583,542,519,632,595,608,699,703,745,789,790,824,807,818,900,851,875,943,972,906,950,954,929,927,950,1013,1038,1013,960,972,1013,970,924,913,926,984,954,847
SE123,Östergötlands län,95+,M,14,14,15,20,20,19,20,24,14,16,25,24,35,21,32,28,35,34,26,26,34,43,33,40,35,37,43,40,37,53,53,48,67,61,55,67,68,72,66,74,74,77,90,84,91,87,89,100,121,114,106,131
SE123,Östergötlands län,95+,F,34,25,17,31,33,36,32,29,44,43,44,51,67,70,73,58,68,83,72,74,87,81,99,117,107,108,120,112,137,154,140,160,146,199,198,179,173,211,218,202,237,210,221,229,247,244,210,282,271,314,319,310
SE124,Örebro län,0-4,M,32,30,20,19,27,22,27,18,11,20,11,18,8,11,15,12,9,6,14,14,15,14,11,12,14,7,8,14,13,13,9,4,5,6,6,7,5,6,5,9,2,10,2,3,6,12,4,10,7,8,2,5
SE124,Örebro län,0-4,F,25,23,20,22,29,16,10,9,12,10,11,7,11,16,10,9,13,15,10,8,12,10,9,7,11,8,8,5,6,6,8,11,10,4,4,5,6,3,5,2,3,4,3,5,5,3,5,2,4,4,2,2
SE124,Örebro län,5-14,M,6,8,14,12,6,8,7,5,6,7,6,9,4,8,3,3,6,4,5,3,3,2,3,5,3,1,1,1,7,1,5,2,0,2,0,2,2,3,3,1,1,3,1,0,1,0,0,1,2,0,2,1
SE124,Örebro län,5-14,F,6,7,11,5,5,3,4,5,2,4,2,2,6,5,1,2,2,7,4,0,4,0,4,1,2,3,2,2,1,3,3,1,2,1,1,1,3,0,2,0,0,0,0,0,2,1,2,1,1,0,0,1
SE124,Örebro län,15-24,M,19,23,14,21,12,20,19,18,12,20,17,10,15,22,20,25,19,23,18,11,12,16,22,13,10,7,3,8,9,6,9,7,9,11,13,9,10,12,14,7,11,10,9,12,9,10,8,8,6,6,8,6
SE124,Örebro län,15-24,F,6,7,10,8,11,10,5,7,11,3,3,5,1,5,8,4,9,5,4,7,6,6,7,2,6,4,3,5,3,5,7,2,3,6,3,4,3,1,5,5,6,1,5,4,2,4,6,3,1,2,5,3
SE124,Örebro län,25-34,M,16,17,15,23,25,27,25,22,23,25,39,25,21,21,31,21,21,18,15,17,20,12,13,18,11,24,17,11,20,20,8,13,9,14,14,8,10,17,6,12,6,18,13,10,17,18,15,20,22,19,26,18
SE124,Örebro län,25-34,F,8,7,14,11,9,11,13,13,6,7,6,6,13,6,6,10,5,14,10,4,10,9,9,8,6,10,13,12,6,10,9,1,6,8,3,7,3,4,5,4,5,3,4,9,2,5,6,5,3,7,6,7
SE124,Örebro län,35-44,M,34,26,29,32,29,26,33,42,32,27,26,28,46,27,29,31,45,37,32,52,46,42,27,28,23,38,34,29,25,23,34,24,19,13,26,26,24,23,18,23,20,17,16,26,14,21,19,23,15,28,12,18
SE124,Örebro län,35-44,F,23,28,19,21,21,20,18,14,20,21,23,22,20,21,16,17,18,22,23,23,20,8,15,14,10,19,18,7,27,16,10,18,16,20,14,10,10,13,8,11,13,10,4,14,15,13,9,11,9,12,7,6
SE124,Örebro län,45-54,M,109,90,91,96,90,87,116,87,78,88,65,70,66,68,65,49,60,60,52,63,65,62,63,71,68,71,57,68,78,57,58,59,62,64,66,55,51,61,52,46,54,56,35,48,41,51,40,53,45,38,49,34
SE124,Örebro län,45-54,F,54,59,64,57,51,54,51,45,40,55,48,46,39,28,31,34,28,25,35,37,40,35,49,46,37,34,55,47,57,39,49,41,51,49,40,40,31,33,30,32,30,33,42,27,20,29,34,23,27,30,24,22
SE124,Örebro län,55-64,M,223,224,234,217,250,242,241,219,248,243,233,208,216,228,207,186,173,188,151,163,186,137,132,126,133,145,117,102,106,150,128,99,127,131,135,139,147,160,142,139,136,123,134,126,136,115,112,114,116,114,80,108
SE124,Örebro län,55-64,F,128,125,134,135,139,124,127,124,155,137,119,118,108,103,119,105,105,93,100,85,91,70,80,80,87,69,82,78,81,70,86,70,82,77,103,84,95,103,103,83,93,103,99,92,97,67,77,77,54,48,77,72
SE124,Örebro län,65-74,M,424,465,426,490,467,507,488,481,494,490,489,493,488,469,436,457,439,449,434,422,421,416,399,390,383,347,334,328,298,293,265,277,235,240,251,253,212,200,228,225,245,288,257,259,302,289,265,293,312,277,302,296
SE124,Örebro län,65-74,F,294,324,310,277,283,291,292,317,291,279,294,301,265,287,286,238,270,271,281,279,259,244,269,255,271,256,230,234,214,179,178,215,175,162,182,170,162,142,153,153,175,172,171,190,186,228,207,203,200,190,211,188
SE124,Örebro län,75-84,M,459,496,441,511,490,567,582,539,590,585,582,626,616,576,604,608,636,612,672,644,669,634,634,626,625,661,621,591,607,648,592,641,605,596,560,554,552,513,468,467,440,468,432,442,426,441,381,451,414,433,463,448
SE124,Örebro län,75-84,F,505,468,484,494,510,526,538,508,535,533,525,504,542,570,495,564,603,622,606,613,611,552,582,581,566,615,526,536,542,529,548,509,549,551,508,494,487,460,451,397,388,381,382,364,333,388,326,299,371,367,339,354
SE124,Örebro län,85-94,M,232,203,218,232,214,242,233,244,263,246,254,275,272,300,277,261,302,315,316,314,341,343,357,357,362,400,386,419,427,412,471,454,454,437,487,451,511,493,482,462,466,512,448,497,459,480,450,450,452,454,426,385
SE124,Örebro län,85-94,F,304,285,235,275,310,309,323,329,393,347,346,328,382,416,410,448,426,492,473,503,560,522,530,570,539,659,569,592,605,638,626,706,671,708,726,693,651,672,667,710,740,737,668,681,715,693,637,615,655,608,642,603
SE124,Örebro län,95+,M,10,15,14,22,24,28,29,18,23,19,24,24,17,27,23,27,13,24,19,23,31,19,35,30,29,39,28,38,40,39,31,58,36,33,46,48,54,45,57,59,41,55,60,52,47,52,56,72,76,78,74,71
SE124,Örebro län,95+,F,23,27,15,25,26,34,25,36,37,32,34,39,48,60,49,46,44,61,68,69,62,58,78,79,74,88,68,76,104,107,99,108,132,114,165,151,139,138,144,153,151,175,144,166,167,173,159,205,209,192,196,193
SE125,Västmanlands län,0-4,M,32,26,40,42,27,24,18,20,21,12,19,10,14,18,15,9,9,6,12,11,12,9,23,12,11,15,10,10,9,7,5,8,5,6,11,12,9,5,1,3,3,7,4,2,3,2,6,2,4,5,3,5
SE125,Västmanlands län,0-4,F,24,18,19,18,24,16,20,10,10,13,9,7,11,8,9,8,9,11,13,9,8,11,8,7,6,5,9,4,6,4,2,2,5,5,10,2,3,6,8,1,7,7,1,3,5,3,4,3,3,7,1,5
SE125,Västmanlands län,5-14,M,15,5,5,4,4,9,9,9,7,5,3,4,5,2,5,1,4,1,3,4,2,1,2,1,3,4,3,0,1,3,3,2,2,4,4,1,2,2,0,2,0,1,1,2,2,0,0,1,2,2,2,5
SE125,Västmanlands län,5-14,F,6,3,4,3,8,6,5,3,5,0,3,3,0,1,1,2,1,3,1,3,1,2,0,2,4,0,1,2,0,2,4,0,4,1,3,0,1,0,3,1,2,1,2,3,0,2,2,2,1,0,2,2
SE125,Västmanlands län,15-24,M,19,30,17,15,20,15,9,17,28,13,12,18,17,16,11,16,9,7,16,12,14,13,13,14,9,8,5,12,11,10,8,9,7,5,10,5,9,3,8,8,12,11,10,9,7,9,5,6,5,9,6,11
SE125,Västmanlands län,15-24,F,11,6,7,7,2,6,7,3,8,2,8,12,6,7,6,6,6,3,6,5,5,7,2,6,0,9,3,3,4,1,4,1,9,1,5,3,4,5,7,2,1,3,5,4,1,1,6,8,0,2,3,2
SE125,Västmanlands län,25-34,M,21,18,27,24,24,28,37,18,30,20,22,29,30,19,29,16,17,23,19,14,22,17,20,17,13,17,16,8,15,12,14,15,7,10,4,6,8,14,7,8,7,12,10,11,14,11,18,18,18,18,20,24
SE125,Västmanlands län,25-34,F,13,10,13,9,12,6,8,11,17,11,6,9,12,12,6,7,6,10,6,9,7,8,5,5,5,10,6,8,8,4,9,4,7,7,5,4,2,3,7,1,6,2,3,7,5,7,3,5,5,8,8,8
SE125,Västmanlands län,35-44,M,43,28,29,29,39,34,23,36,25,28,34,36,40,38,48,40,36,46,30,31,32,29,32,41,36,33,39,26,26,28,20,24,27,21,21,20,25,18,20,26,21,11,17,17,18,22,16,18,29,22,17,7
SE125,Västmanlands län,35-44,F,24,21,16,19,16,19,15,17,20,20,22,12,23,24,20,16,20,18,21,19,22,19,12,16,23,22,18,18,10,14,17,15,19,9,10,11,11,14,11,15,10,13,9,12,11,7,9,8,11,7,11,10
SE125,Västmanlands län,45-54,M,90,90,87,80,84,67,76,77,79,81,83,77,67,67,71,56,55,56,85,74,75,59,61,44,61,63,67,85,67,63,68,61,67,66,50,66,47,57,59,39,55,64,42,41,44,47,42,31,43,40,37,44
SE125,Västmanlands län,45-54,F,50,54,43,81,58,54,45,47,29,42,49,38,53,53,30,47,20,30,42,47,42,31,32,37,54,52,43,50,52,36,39,41,34,52,32,28,33,32,27,34,25,45,28,12,38,34,29,20,24,27,23,22
SE125,Västmanlands län,55-64,M,197,173,196,238,212,190,204,180,228,218,205,192,201,220,202,179,176,159,145,156,151,147,148,140,139,154,118,122,104,134,121,116,134,122,138,118,139,144,144,133,111,140,113,121,112,91,100,117,103,90,90,107
SE125,Västmanlands län,55-64,F,101,123,115,118,112,104,108,100,107,108,96,115,99,98,126,97,92,94,84,112,87,61,91,84,85,81,78,71,64,78,64,82,75,97,78,88,78,95,91,73,80,69,67,63,55,88,76,66,69,60,53,62
SE125,Västmanlands län,65-74,M,314,300,342,364,378,389,386,374,391,382,384,414,414,411,428,424,356,380,416,421,388,366,344,373,332,352,327,314,280,264,274,239,242,236,250,238,241,267,255,203,232,218,242,238,248,238,233,251,280,254,271,292
SE125,Västmanlands län,65-74,F,231,239,239,224,237,262,253,243,233,219,195,249,259,230,237,232,212,243,258,201,243,221,208,231,224,195,203,182,155,161,171,166,179,138,175,177,162,157,161,154,154,161,158,154,170,180,185,172,187,167,172,163
SE125,Västmanlands län,75-84,M,427,410,339,396,374,430,432,444,438,445,443,492,478,458,485,504,514,543,510,531,552,529,575,537,533,546,552,504,512,528,488,512,492,476,483,479,473,448,445,419,373,381,383,372,388,344,375,343,364,397,441,395
SE125,Västmanlands län,75-84,F,406,367,352,398,389,408,372,410,391,364,408,383,448,445,445,399,413,461,408,441,444,399,473,443,462,480,452,409,441,415,461,439,462,487,465,389,428,377,385,389,413,334,331,308,344,336,298,320,364,360,366,345
SE125,Västmanlands län,85-94,M,148,157,126,173,183,189,193,202,180,157,198,194,224,209,226,198,196,220,206,235,272,234,260,237,316,299,300,284,325,320,349,361,340,330,419,370,362,426,400,366,381,387,383,414,390,352,375,417,418,410,436,403
SE125,Västmanlands län,85-94,F,178,189,204,196,207,221,218,232,278,221,257,275,304,274,273,311,309,303,351,365,412,363,393,410,441,434,460,420,496,496,502,545,546,577,612,541,555,596,587,624,560,529,554,611,582,559,543,588,535,538,593,502
SE125,Västmanlands län,95+,M,9,13,5,12,11,13,13,16,8,10,15,18,14,16,12,14,13,16,18,25,24,16,12,18,19,26,18,25,23,27,31,31,27,28,38,31,44,47,45,42,45,30,50,35,54,51,53,55,68,59,73,60
SE125,Västmanlands län,95+,F,18,13,12,8,20,22,24,17,20,28,23,31,26,31,27,38,34,47,34,50,67,45,52,62,59,81,74,58,79,75,86,78,92,101,111,112,120,109,105,117,139,117,112,135,149,123,161,156,182,188,180,174
SE211,Jönköpings län,0-4,M,27,29,47,34,29,26,30,27,13,27,23,22,22,14,14,16,7,19,13,14,15,18,13,14,19,11,17,8,13,7,9,8,9,15,11,12,7,8,8,7,10,8,4,5,4,8,3,10,5,4,9,8
SE211,Jönköpings län,0-4,F,32,20,29,20,21,18,27,17,14,19,10,15,19,7,9,13,8,13,9,6,9,7,9,17,13,13,10,4,11,7,6,3,4,5,6,5,8,4,7,7,7,3,9,2,8,5,6,2,6,2,3,2
SE211,Jönköpings län,5-14,M,5,8,12,14,7,14,7,7,11,8,12,5,3,8,2,2,2,3,6,4,0,6,3,3,2,4,3,0,5,2,7,4,5,2,3,1,2,4,2,2,1,2,1,3,2,2,4,0,1,2,2,2
SE211,Jönköpings län,5-14,F,4,6,6,3,4,6,4,4,3,10,3,5,3,4,7,3,4,2,1,2,2,4,7,0,4,2,3,0,2,2,1,1,2,2,1,1,2,1,1,1,2,0,0,1,0,0,0,3,2,0,1,2
SE211,Jönköpings län,15-24,M,25,18,21,21,26,22,29,19,16,27,15,11,16,12,15,17,17,19,19,21,19,20,24,11,9,11,15,4,10,7,6,15,10,8,13,6,12,8,12,11,6,13,6,8,10,15,6,7,6,8,8,14
SE211,Jönköpings län,15-24,F,16,3,14,7,13,6,9,15,9,14,4,9,5,7,10,5,5,9,6,6,10,4,9,5,3,4,2,6,7,9,2,8,7,6,4,7,6,6,4,6,3,4,5,6,2,2,1,3,2,2,4,5
SE211,Jönköpings län,25-34,M,29,18,35,27,18,23,19,23,14,20,22,23,25,21,21,21,23,20,17,14,11,24,15,29,20,23,20,10,15,12,10,10,12,13,10,11,12,17,11,13,14,9,13,15,16,13,16,17,17,25,12,13
SE211,Jönköpings län,25-34,F,6,7,11,13,2,16,11,10,10,12,11,11,11,9,8,10,9,6,9,12,5,7,8,8,11,7,10,8,6,6,6,8,4,6,4,6,9,9,4,7,4,3,3,8,2,8,5,7,8,10,5,3
SE211,Jönköpings län,35-44,M,41,40,37,28,43,27,26,31,47,44,29,34,36,42,32,38,37,39,38,34,41,44,34,36,34,27,39,30,24,26,31,31,24,29,23,28,26,28,22,17,18,23,23,22,19,12,13,20,18,23,19,22
SE211,Jönköpings län,35-44,F,20,19,28,18,20,12,21,26,20,10,13,20,20,21,14,16,18,24,16,26,23,34,22,19,15,15,22,15,19,13,9,14,12,15,8,15,8,13,13,13,17,8,9,10,16,17,8,10,11,9,12,12
SE211,Jönköpings län,45-54,M,85,100,102,97,76,89,87,75,85,88,79,80,84,87,66,66,68,72,78,81,69,55,71,60,80,74,65,74,52,73,66,60,72,74,50,72,55,48,59,62,56,50,54,56,53,49,68,46,46,56,47,27
SE211,Jönköpings län,45-54,F,67,76,65,69,66,58,45,50,49,46,48,41,36,33,40,52,39,30,49,35,40,33,36,44,52,55,43,37,50,46,39,36,52,37,37,42,29,38,38,28,44,44,37,32,35,30,42,25,32,30,33,30
SE211,Jönköpings län,55-64,M,202,240,223,228,239,268,246,209,239,235,237,238,220,220,222,189,194,188,169,155,151,144,136,167,154,152,143,134,143,142,125,136,119,155,129,139,149,136,141,132,145,126,140,122,118,117,121,139,121,108,97,117
SE211,Jönköpings län,55-64,F,133,137,139,127,115,128,126,122,138,142,129,131,139,113,106,82,106,95,102,78,95,103,84,85,99,80,98,89,79,67,96,73,107,83,94,97,86,80,112,86,90,99,79,72,82,89,68,80,65,84,77,66
SE211,Jönköpings län,65-74,M,422,407,425,434,462,448,487,479,522,517,499,507,489,481,474,495,493,493,447,490,482,393,449,417,411,401,367,365,357,313,346,289,314,271,300,288,268,249,273,257,243,240,302,296,289,258,272,303,288,265,311,266
SE211,Jönköpings län,65-74,F,322,305,273,289,281,308,334,321,301,280,302,302,292,299,306,274,267,237,268,281,279,232,249,239,232,246,232,224,189,213,198,193,185,178,184,187,176,162,197,151,153,197,187,187,204,183,186,189,192,226,252,194
SE211,Jönköpings län,75-84,M,529,539,521,541,563,587,560,587,574,620,606,663,647,661,690,621,650,711,727,736,742,639,712,701,705,744,657,687,661,687,700,658,654,596,672,587,575,542,583,572,544,533,511,478,488,494,505,426,447,459,486,489
SE211,Jönköpings län,75-84,F,516,494,471,503,511,546,592,550,533,523,556,585,606,600,543,566,601,652,593,601,629,558,602,589,589,599,574,612,595,573,594,594,540,602,509,524,528,512,517,498,459,436,463,445,435,419,367,389,383,411,388,377
SE211,Jönköpings län,85-94,M,266,255,254,261,258,252,267,283,328,280,300,301,281,322,299,287,315,373,343,358,348,341,360,371,360,478,442,488,490,447,467,513,532,562,524,544,498,545,543,544,575,565,566,582,562,508,571,575,532,591,573,515
SE211,Jönköpings län,85-94,F,302,277,281,298,264,313,323,326,357,342,398,374,437,450,466,471,461,500,508,556,592,504,568,574,609,668,642,730,683,684,717,759,756,801,831,734,762,812,819,851,782,725,812,868,821,790,787,787,757,808,732,687
SE211,Jönköpings län,95+,M,12,23,14,18,29,21,21,27,25,30,18,22,32,21,36,33,31,36,31,31,34,35,26,33,41,42,48,35,39,46,49,66,55,63,63,61,51,63,60,63,61,64,77,83,68,104,77,98,105,117,107,101
SE211,Jönköpings län,95+,F,21,22,25,23,23,29,29,33,38,37,26,52,43,48,47,59,47,83,52,75,92,62,89,69,96,93,101,101,129,127,148,144,158,148,144,151,151,132,181,169,169,175,189,189,234,222,226,256,199,261,254,228
SE212,Kronobergs län,0-4,M,28,28,15,17,21,19,21,18,11,17,11,16,8,10,9,9,6,9,15,7,3,18,10,6,10,7,2,7,2,3,8,6,3,5,10,6,2,3,5,4,6,5,0,7,1,3,4,6,5,2,3,5
SE212,Kronobergs län,0-4,F,14,10,19,18,7,9,13,7,8,8,16,6,7,6,10,8,5,3,8,2,5,9,5,5,8,3,4,3,3,4,3,0,1,3,2,0,3,2,3,2,4,3,2,2,2,4,1,4,5,1,2,4
SE212,Kronobergs län,5-14,M,2,8,5,6,2,1,6,4,3,3,0,1,2,1,3,2,1,3,6,1,2,2,2,0,1,1,1,1,1,2,2,4,2,0,0,3,0,2,4,0,2,1,2,2,4,3,1,2,0,1,2,1
SE212,Kronobergs län,5-14,F,3,5,1,2,3,0,4,5,2,3,1,2,2,1,0,0,3,0,1,0,1,1,2,2,0,1,3,3,0,0,1,1,0,0,1,0,0,0,1,1,3,1,2,0,0,0,0,0,1,1,1,1
SE212,Kronobergs län,15-24,M,11,8,6,11,16,6,10,14,8,8,11,8,7,5,3,9,8,11,6,15,10,13,8,11,8,12,5,4,3,2,3,4,5,4,2,4,5,4,8,5,6,5,11,1,6,3,3,6,5,4,3,3
SE212,Kronobergs län,15-24,F,4,6,8,6,4,8,3,3,4,4,5,3,2,6,4,2,1,2,0,4,8,7,3,4,2,5,4,1,2,5,2,1,2,1,1,1,2,0,3,1,7,1,1,1,3,1,1,2,1,2,6,4
SE212,Kronobergs län,25-34,M,14,8,13,12,5,6,3,18,12,16,16,11,17,12,8,8,9,14,10,12,14,11,7,9,8,3,11,8,6,4,10,6,8,5,3,11,5,8,7,8,4,12,9,6,5,11,9,6,10,11,6,4
SE212,Kronobergs län,25-34,F,7,5,3,6,4,7,5,4,6,6,4,10,2,9,5,8,7,4,5,3,6,3,5,5,3,5,3,8,7,1,4,3,3,5,8,3,2,0,1,5,5,7,4,3,5,3,4,4,2,2,4,2
SE212,Kronobergs län,35-44,M,18,21,15,10,13,25,21,14,20,22,20,28,20,12,29,18,29,19,16,12,20,25,17,18,15,16,8,11,15,17,8,19,10,10,13,13,8,21,12,10,18,13,11,10,4,8,13,5,8,5,9,7
SE212,Kronobergs län,35-44,F,8,9,12,8,7,13,13,5,6,16,11,12,5,7,14,10,4,12,7,8,24,7,11,10,9,10,6,10,5,7,10,11,9,6,7,9,5,9,10,4,6,3,7,8,3,7,6,6,5,4,10,9
SE212,Kronobergs län,45-54,M,53,39,45,56,54,50,50,46,36,49,47,43,41,46,38,35,37,33,34,30,34,34,35,35,42,33,35,38,29,31,26,53,35,42,28,25,37,23,38,33,24,23,25,28,22,26,22,27,23,14,26,24
SE212,Kronobergs län,45-54,F,35,23,40,27,25,28,22,32,24,23,30,20,21,21,26,21,20,16,21,22,14,29,31,30,22,30,28,28,25,21,21,20,27,31,20,20,31,24,24,15,17,22,15,21,17,18,16,12,17,22,15,18
SE212,Kronobergs län,55-64,M,121,132,109,125,115,137,116,130,113,132,130,117,129,99,107,96,92,94,89,105,92,82,98,96,77,69,79,74,68,68,77,68,71,71,90,73,81,80,72,66,78,79,69,70,73,68,64,54,55,52,62,57
SE212,Kronobergs län,55-64,F,59,77,60,76,65,61,63,74,62,63,51,48,58,49,51,42,55,51,55,42,51,38,43,44,38,50,49,58,49,37,50,43,51,54,43,42,65,50,56,45,45,51,60,44,55,50,49,42,37,44,52,49
SE212,Kronobergs län,65-74,M,248,259,230,257,264,275,264,264,239,274,243,244,233,285,267,265,273,243,235,236,241,223,217,215,196,192,196,194,181,183,192,160,150,170,148,150,141,165,152,133,133,125,156,148,140,155,133,165,142,169,150,146
SE212,Kronobergs län,65-74,F,161,156,166,182,161,160,140,164,177,155,162,134,141,142,151,127,119,113,138,116,129,109,142,121,124,116,89,124,118,104,87,121,98,117,97,104,89,91,94,92,88,98,86,88,85,99,95,100,120,96,114,91
SE212,Kronobergs län,75-84,M,291,295,304,298,333,348,342,366,370,379,370,408,354,384,363,405,393,426,411,430,428,370,384,422,364,405,406,357,341,336,403,344,339,299,349,351,290,315,284,271,280,278,268,251,273,244,247,248,261,292,270,275
SE212,Kronobergs län,75-84,F,276,304,263,280,276,307,271,320,331,315,313,308,305,342,301,304,298,302,345,307,346,295,308,309,277,300,267,275,299,280,266,273,299,300,265,265,252,262,268,241,238,220,228,205,225,218,169,220,177,223,224,211
SE212,Kronobergs län,85-94,M,172,196,165,176,152,189,201,181,184,182,169,222,194,218,221,228,226,203,240,239,204,234,242,246,226,275,264,285,281,274,254,283,307,330,249,292,286,307,295,309,320,319,332,301,337,341,327,350,311,320,321,315
SE212,Kronobergs län,85-94,F,199,188,168,171,189,217,181,217,232,215,226,226,267,251,262,273,249,270,368,318,334,333,336,330,347,370,356,358,386,353,382,380,386,414,402,403,358,410,400,435,413,386,386,401,429,450,394,404,418,454,423,390
SE212,Kronobergs län,95+,M,15,13,17,12,18,9,18,16,20,14,25,12,22,18,18,20,18,25,17,24,24,15,20,23,25,31,31,42,32,28,31,31,40,37,40,35,33,39,43,49,40,46,47,50,44,44,49,51,63,60,59,65
SE212,Kronobergs län,95+,F,12,24,13,16,29,19,20,24,24,24,23,32,33,28,31,46,32,45,34,45,45,55,54,59,65,75,63,74,84,81,78,84,115,87,85,108,94,99,91,123,119,121,103,113,134,133,137,134,114,143,158,136
SE213,Kalmar län,0-4,M,36,27,31,18,23,17,26,24,16,21,16,13,17,12,13,11,15,12,11,12,11,10,9,10,12,16,7,10,3,7,7,8,7,4,3,7,5,5,8,6,4,3,5,9,4,4,5,3,6,10,2,4
SE213,Kalmar län,0-4,F,25,23,29,20,14,12,19,20,5,12,10,7,13,9,8,10,7,10,9,9,13,10,8,23,11,9,8,4,5,3,4,6,6,7,3,3,4,4,2,9,3,4,5,3,3,4,3,5,4,7,2,4
SE213,Kalmar län,5-14,M,7,5,7,3,9,4,3,5,2,1,7,9,4,2,0,5,5,4,3,3,2,1,2,1,2,1,5,2,2,4,3,4,0,1,3,3,3,1,4,3,1,0,0,0,0,3,1,1,0,2,1,0
SE213,Kalmar län,5-14,F,7,5,8,4,1,4,4,8,2,4,2,4,4,5,2,2,1,1,2,2,0,0,2,1,1,2,0,1,2,0,3,1,4,5,0,3,2,0,1,0,2,0,1,2,1,1,2,0,0,2,1,0
SE213,Kalmar län,15-24,M,16,15,24,13,12,16,28,14,17,13,18,12,15,13,14,9,12,8,10,7,9,7,14,15,5,7,7,6,10,4,8,8,9,6,11,11,11,9,5,4,10,11,9,9,9,5,3,3,7,6,3,5
SE213,Kalmar län,15-24,F,7,4,5,8,3,5,6,3,6,7,2,8,12,6,5,6,7,4,4,7,5,3,4,2,6,7,1,5,2,5,4,2,7,3,0,3,4,3,4,3,1,3,3,6,5,3,4,2,2,2,1,5
SE213,Kalmar län,25-34,M,18,15,18,17,21,24,30,18,12,18,17,18,13,19,18,16,16,6,14,14,17,17,17,15,13,15,17,12,9,13,10,10,9,12,11,11,5,8,7,13,9,5,8,15,8,14,12,10,15,10,9,12
SE213,Kalmar län,25-34,F,7,3,10,9,12,3,11,6,7,7,6,11,5,6,7,5,5,5,5,4,7,7,7,6,9,3,6,4,6,5,3,5,2,6,4,3,3,4,0,5,3,2,2,7,2,3,5,4,6,6,3,6
SE213,Kalmar län,35-44,M,26,27,34,31,28,37,32,40,32,32,30,27,37,28,37,19,34,23,38,28,34,35,30,19,25,16,27,26,17,26,22,27,21,26,22,18,21,17,25,16,11,14,14,14,17,20,15,11,19,14,12,11
SE213,Kalmar län,35-44,F,14,18,30,17,20,13,8,12,11,14,14,25,21,10,11,23,13,13,13,11,21,17,22,21,14,11,16,14,11,8,19,8,11,12,14,10,9,7,6,9,8,12,6,14,10,4,4,11,2,7,8,4
SE213,Kalmar län,45-54,M,80,75,80,65,72,81,60,54,58,71,67,75,79,69,65,78,50,47,56,44,52,56,53,59,54,49,45,49,65,59,50,65,47,67,42,56,44,49,52,48,33,54,43,36,40,41,40,41,42,45,35,30
SE213,Kalmar län,45-54,F,47,55,56,49,44,52,40,43,35,32,25,41,35,29,30,33,23,39,45,28,32,33,36,38,34,35,33,28,31,25,25,37,28,25,31,30,31,40,40,32,26,34,26,22,30,25,23,30,29,18,30,14
SE213,Kalmar län,55-64,M,192,236,187,199,206,240,213,207,215,200,184,181,160,185,175,179,182,182,147,153,148,141,134,127,126,125,88,104,107,137,113,122,116,154,122,122,127,136,143,129,128,120,114,130,119,107,98,96,109,73,104,73
SE213,Kalmar län,55-64,F,127,122,128,119,109,101,107,72,113,111,107,95,91,98,89,95,101,72,98,73,89,74,76,68,80,81,61,60,67,81,80,60,73,82,92,77,73,89,81,84,76,72,80,70,71,67,61,58,59,62,48,64
SE213,Kalmar län,65-74,M,399,417,421,439,422,456,424,489,487,489,491,481,484,440,469,452,430,420,420,419,371,381,355,387,365,338,298,328,300,280,261,250,263,216,250,239,248,254,218,266,228,239,237,263,228,227,276,261,274,258,263,259
SE213,Kalmar län,65-74,F,285,289,265,268,279,279,306,305,262,276,259,246,239,279,224,266,255,214,238,230,221,197,195,195,209,169,176,169,155,171,162,142,153,159,166,145,148,156,127,130,140,157,156,168,175,160,181,169,173,179,193,159
SE213,Kalmar län,75-84,M,534,474,453,505,488,570,495,554,536,533,617,621,619,592,607,632,626,635,630,599,606,635,636,554,579,630,571,583,603,561,547,539,518,501,517,528,461,497,465,459,428,415,410,387,438,388,384,420,424,423,413,408
SE213,Kalmar län,75-84,F,499,478,422,458,491,495,466,481,452,485,493,521,507,526,521,493,542,579,546,542,546,526,516,538,484,505,474,490,483,426,445,482,447,464,449,421,418,388,386,395,386,380,330,310,327,313,333,339,344,357,339,308
SE213,Kalmar län,85-94,M,262,243,243,243,238,263,241,259,304,220,248,265,260,274,268,294,280,331,321,263,352,284,356,364,378,357,381,388,400,414,438,386,390,424,435,376,429,408,462,418,459,410,437,445,437,477,426,454,447,435,470,389
SE213,Kalmar län,85-94,F,283,254,254,276,273,296,291,312,337,305,307,322,367,332,367,352,360,488,452,441,475,508,531,551,552,577,521,552,606,562,593,632,613,611,636,643,606,595,632,593,666,633,624,661,660,608,585,597,580,597,529,507
SE213,Kalmar län,95+,M,10,15,17,15,22,24,16,21,22,17,15,28,29,19,26,25,21,29,20,36,30,18,27,33,31,27,30,38,37,30,48,36,41,62,47,41,58,48,36,61,67,71,44,55,72,59,57,74,64,70,70,87
SE213,Kalmar län,95+,F,17,21,24,22,32,29,19,32,37,26,42,40,44,43,44,46,59,61,55,52,53,63,70,65,87,91,88,67,85,90,89,104,114,103,151,128,141,152,154,151,136,156,152,155,178,168,133,184,170,182,197,167
SE214,Gotlands län,0-4,M,9,7,9,5,4,3,7,4,3,3,5,4,1,2,3,4,0,1,3,2,2,2,8,5,0,5,3,2,2,2,0,1,2,3,1,1,1,0,1,1,2,1,1,3,1,3,1,0,0,0,1,0
SE214,Gotlands län,0-4,F,1,2,2,4,4,3,3,2,7,2,5,3,0,1,3,3,2,5,3,2,4,2,2,0,2,0,2,0,1,1,2,3,2,2,2,1,4,1,2,2,0,1,1,1,3,2,0,0,1,2,1,2
SE214,Gotlands län,5-14,M,4,3,1,1,1,4,2,1,1,1,1,0,3,2,2,3,1,0,1,1,1,1,1,1,1,1,0,0,1,0,1,1,0,1,0,1,0,0,0,0,0,0,0,0,1,1,2,2,0,0,0,0
SE214,Gotlands län,5-14,F,0,1,1,2,1,0,0,0,1,0,0,0,3,0,0,1,0,0,1,1,0,0,1,2,0,0,1,0,0,0,0,0,1,1,0,1,1,0,0,0,0,1,0,0,1,0,0,1,1,0,0,0
SE214,Gotlands län,15-24,M,4,7,3,2,8,4,3,3,4,5,4,6,1,5,6,4,4,4,5,2,8,0,1,3,3,2,1,3,3,0,4,3,5,1,1,1,4,1,1,3,1,2,3,3,1,2,6,5,2,0,3,1
SE214,Gotlands län,15-24,F,3,1,1,1,0,2,1,0,2,1,0,1,0,0,2,0,0,1,1,2,3,1,1,1,1,2,0,0,2,1,1,0,1,1,0,1,1,1,0,0,1,0,1,0,2,1,2,0,1,0,2,2
SE214,Gotlands län,25-34,M,3,2,5,7,2,5,6,13,12,6,8,7,6,6,1,3,3,1,8,4,2,6,5,7,2,5,5,4,3,4,3,3,1,4,3,2,1,3,3,0,2,2,0,3,1,3,5,4,7,1,2,2
SE214,Gotlands län,25-34,F,1,2,0,1,2,2,1,3,4,2,1,6,3,3,4,1,1,1,1,0,1,3,1,2,1,3,3,1,1,4,2,3,2,1,1,1,0,3,0,0,1,0,0,0,1,2,1,1,0,2,1,1
SE214,Gotlands län,35-44,M,7,5,8,10,7,4,2,14,8,14,8,7,9,8,5,5,10,6,6,7,6,13,9,6,12,7,12,5,9,11,4,8,5,5,3,8,4,2,2,6,3,3,1,4,6,1,4,2,4,3,5,4
SE214,Gotlands län,35-44,F,2,2,6,4,5,1,3,3,7,3,4,4,2,5,3,1,2,1,4,2,5,4,7,4,5,7,8,5,2,10,4,3,7,1,3,4,6,1,4,2,0,3,1,3,3,2,3,2,0,2,3,0
SE214,Gotlands län,45-54,M,20,20,20,17,23,19,16,16,12,15,13,11,11,10,16,13,11,12,12,17,9,17,17,8,11,22,14,21,24,14,9,17,17,13,26,10,10,13,9,9,10,17,10,7,5,8,5,16,6,4,4,5
SE214,Gotlands län,45-54,F,7,12,12,4,11,11,11,10,7,12,8,11,11,4,6,10,5,7,5,9,10,8,9,10,6,7,11,10,8,13,14,7,14,12,5,9,9,7,6,6,8,4,8,6,12,13,6,5,7,7,5,4
SE214,Gotlands län,55-64,M,47,42,40,42,45,39,43,41,45,33,47,39,29,38,35,36,35,27,34,38,30,31,23,33,34,18,30,27,30,24,27,33,27,22,27,38,39,27,36,27,26,33,40,28,28,26,16,23,24,23,23,20
SE214,Gotlands län,55-64,F,39,31,24,25,23,21,19,15,34,22,28,12,15,15,20,20,9,9,16,18,10,19,11,27,16,10,13,10,21,15,11,13,23,15,20,19,26,21,12,23,16,15,14,18,19,29,9,18,12,21,15,13
SE214,Gotlands län,65-74,M,94,91,68,95,103,89,105,102,104,91,86,86,119,91,78,84,68,91,85,92,95,82,90,76,58,68,71,61,79,66,63,76,66,62,44,50,61,55,55,38,47,49,54,50,53,62,40,63,55,64,72,63
SE214,Gotlands län,65-74,F,63,67,68,60,69,65,51,44,56,68,54,44,51,55,52,47,43,50,44,36,44,53,40,39,52,44,31,33,45,25,38,36,43,48,36,33,31,31,36,40,37,20,39,47,38,37,47,36,35,42,41,41
SE214,Gotlands län,75-84,M,97,116,116,129,108,134,104,114,108,119,111,113,107,118,123,117,104,125,134,133,125,140,139,120,111,127,134,114,144,98,125,112,125,97,101,100,103,114,104,96,98,83,109,90,65,93,76,106,93,82,100,113
SE214,Gotlands län,75-84,F,110,123,90,102,103,120,128,88,94,97,107,97,111,102,104,108,115,119,94,102,114,121,124,117,117,109,110,109,89,100,96,107,100,101,98,85,90,77,75,69,86,73,84,92,90,83,70,76,79,63,64,78
SE214,Gotlands län,85-94,M,60,52,54,67,57,66,45,50,54,63,48,44,50,61,59,57,52,82,56,65,74,65,61,58,82,75,79,89,86,79,81,83,68,85,103,84,96,96,86,82,88,93,93,87,111,91,87,83,115,106,88,106
SE214,Gotlands län,85-94,F,65,63,54,65,63,67,66,61,63,67,78,77,80,59,71,75,82,106,93,89,88,100,121,103,106,106,101,111,117,129,127,104,121,136,137,113,126,134,148,125,130,137,128,114,151,141,123,130,134,137,125,114
SE214,Gotlands län,95+,M,2,4,1,4,6,1,8,5,8,4,3,9,3,2,4,3,3,7,6,7,5,6,10,7,9,5,2,8,17,10,3,11,8,7,16,7,6,10,12,14,15,18,10,12,12,17,11,14,19,14,14,17
SE214,Gotlands län,95+,F,5,2,8,12,9,6,12,4,5,1,8,7,11,10,8,13,11,3,11,6,23,22,16,9,16,21,18,25,18,25,26,13,25,33,28,30,33,24,35,36,44,38,36,42,27,43,40,41,46,48,39,39
SE221,Blekinge län,0-4,M,29,17,10,12,15,14,10,12,9,12,10,16,12,5,4,7,8,7,7,5,10,8,10,11,7,8,6,4,5,2,1,2,2,5,3,4,3,5,1,1,3,6,1,3,4,2,8,5,3,4,4,1
SE221,Blekinge län,0-4,F,20,13,12,15,11,10,12,12,9,10,3,11,1,6,5,7,2,5,8,13,2,1,4,6,3,5,1,4,3,0,4,5,1,4,1,2,3,5,6,1,1,2,2,0,0,2,2,1,3,3,3,3
SE221,Blekinge län,5-14,M,7,5,5,9,3,6,3,3,1,0,1,0,1,3,0,0,1,1,3,1,1,0,1,1,0,3,1,3,2,0,1,0,1,0,0,0,0,1,0,0,0,1,1,0,1,2,0,1,4,3,0,0
SE221,Blekinge län,5-14,F,7,3,6,4,4,2,2,3,1,1,2,2,1,2,0,1,0,2,1,1,0,0,0,1,1,0,2,1,0,1,0,2,0,1,0,0,0,1,0,1,2,0,0,0,0,0,1,1,0,0,5,0
SE221,Blekinge län,15-24,M,9,10,13,14,13,12,9,14,5,8,8,8,9,15,9,10,14,7,4,9,4,8,5,2,5,8,9,5,3,3,3,5,7,1,3,4,7,3,7,1,5,9,3,3,6,4,3,1,4,4,3,2
SE221,Blekinge län,15-24,F,3,8,3,1,3,2,1,3,4,5,1,4,6,3,4,2,2,6,1,5,6,2,6,0,3,4,2,1,2,1,2,0,0,4,1,1,0,2,2,1,1,2,3,0,0,1,0,1,4,1,3,0
SE221,Blekinge län,25-34,M,12,8,11,6,12,14,8,11,6,10,15,14,10,12,12,9,13,8,7,9,15,8,6,10,9,4,8,9,5,7,4,12,7,6,6,3,4,3,3,8,4,7,7,4,4,4,8,11,10,9,6,3
SE221,Blekinge län,25-34,F,3,7,2,9,7,9,12,6,4,6,6,8,6,4,6,5,6,4,3,4,3,4,4,5,3,4,3,1,3,5,3,2,0,0,4,2,3,1,2,4,1,0,4,2,5,0,3,1,6,3,3,7
SE221,Blekinge län,35-44,M,21,13,18,15,16,21,14,20,19,18,22,21,27,23,21,17,17,20,21,20,18,13,17,19,18,15,14,19,11,11,9,10,14,12,15,7,6,9,10,16,13,10,6,9,6,12,12,14,9,10,13,5
SE221,Blekinge län,35-44,F,13,5,6,9,12,6,6,7,11,6,6,6,10,12,10,10,13,8,11,9,6,11,6,8,10,8,5,8,2,9,7,7,5,4,3,8,5,8,11,5,5,7,2,5,6,6,3,0,3,15,2,7
SE221,Blekinge län,45-54,M,41,44,47,50,39,48,41,46,42,47,41,41,38,33,34,37,43,32,31,51,29,30,44,31,24,37,39,27,33,44,31,29,28,34,35,27,23,26,28,29,25,18,21,22,29,31,24,22,18,29,22,30
SE221,Blekinge län,45-54,F,32,25,17,20,21,23,21,21,31,30,29,25,30,18,25,13,19,15,21,19,30,14,15,30,16,20,25,22,26,26,20,15,22,20,27,15,16,23,22,11,17,21,11,18,20,11,16,21,20,13,14,13
SE221,Blekinge län,55-64,M,113,105,115,127,116,120,120,124,117,119,133,128,116,107,118,123,87,98,79,97,88,90,72,95,90,80,78,98,84,92,73,77,76,84,70,69,65,80,74,97,80,80,74,63,66,81,68,53,59,61,70,52
SE221,Blekinge län,55-64,F,71,72,54,68,63,78,54,67,44,55,53,51,59,45,56,57,63,47,48,47,49,30,61,51,41,42,36,42,60,45,44,52,50,53,45,44,37,49,50,44,42,42,48,42,29,29,44,43,36,44,37,45
SE221,Blekinge län,65-74,M,252,238,239,219,249,283,245,250,303,250,277,249,274,276,269,247,266,270,253,254,213,226,209,202,229,204,201,167,180,183,178,181,155,146,166,151,167,161,155,144,155,153,159,156,150,155,176,180,182,161,161,157
SE221,Blekinge län,65-74,F,154,159,163,153,182,193,147,153,157,161,145,149,165,181,152,121,139,133,139,158,140,134,119,101,120,126,112,99,117,102,97,104,116,84,94,93,86,99,106,87,99,115,81,103,119,77,97,132,106,118,104,121
SE221,Blekinge län,75-84,M,236,274,255,259,276,287,300,339,319,285,326,365,364,346,355,344,346,325,367,372,387,377,370,367,349,346,316,341,342,333,336,296,306,285,296,323,268,261,267,259,269,276,255,293,297,283,259,235,307,260,265,266
SE221,Blekinge län,75-84,F,300,288,286,308,279,284,266,293,310,271,285,308,329,337,279,338,288,307,273,322,306,300,299,300,312,325,265,317,327,251,266,275,250,251,241,237,233,194,229,236,256,266,213,221,220,207,198,228,225,206,202,223
SE221,Blekinge län,85-94,M,131,181,149,163,139,119,158,159,155,136,146,176,147,166,149,175,175,165,195,185,208,187,213,198,210,206,206,210,247,245,226,246,247,218,254,271,195,262,233,243,271,273,279,260,263,250,270,260,279,301,256,258
SE221,Blekinge län,85-94,F,174,182,152,184,173,208,194,178,199,211,190,214,240,243,214,238,232,316,268,282,298,306,284,285,309,338,293,357,375,366,367,389,361,373,376,365,374,377,378,389,358,377,381,382,400,395,347,348,348,355,375,319
SE221,Blekinge län,95+,M,9,11,11,11,13,14,17,12,17,12,13,10,4,16,9,13,16,10,11,10,15,10,3,17,21,22,21,14,18,27,22,12,24,31,29,27,19,18,28,32,37,41,20,26,41,36,30,42,44,55,50,39
SE221,Blekinge län,95+,F,21,11,17,12,17,21,23,30,30,21,26,24,28,34,25,31,24,31,29,29,52,40,49,42,51,56,47,62,67,66,55,66,55,63,79,83,90,92,102,89,95,92,106,100,96,81,92,87,96,120,125,113
SE224,Skåne län,0-4,M,115,98,100,110,103,61,77,76,63,58,60,55,61,37,44,39,44,55,53,59,56,42,56,57,52,47,40,24,36,42,25,27,24,25,22,33,23,14,17,29,18,21,33,25,33,28,28,31,32,23,21,25
SE224,Skåne län,0-4,F,90,78,72,64,71,69,55,55,51,52,43,53,40,37,25,32,34,36,34,43,35,41,30,39,41,37,31,24,14,20,17,14,11,21,18,14,13,23,22,19,18,17,19,18,19,11,19,17,20,17,17,18
SE224,Skåne län,5-14,M,23,17,26,24,20,17,16,17,21,20,21,16,13,19,18,15,6,11,11,10,14,7,10,8,7,14,5,8,6,9,15,7,7,9,6,10,3,13,6,6,3,9,6,5,4,2,7,5,3,5,6,4
SE224,Skåne län,5-14,F,13,13,15,12,13,14,18,13,12,17,6,6,8,6,10,5,3,8,7,6,6,6,8,4,9,11,3,5,9,8,10,10,6,3,3,5,4,5,3,4,3,6,5,2,9,5,4,7,8,7,6,4
SE224,Skåne län,15-24,M,75,71,74,77,75,64,64,71,61,56,59,55,46,48,42,51,52,52,57,59,35,51,53,40,33,25,45,37,27,36,44,29,50,39,48,42,40,34,31,47,35,39,31,42,32,35,32,32,36,38,31,31
SE224,Skåne län,15-24,F,30,34,25,34,26,30,29,29,35,29,23,18,23,16,14,17,12,17,25,16,18,14,19,13,17,20,14,16,14,16,11,14,13,18,13,20,10,16,21,14,19,18,12,16,9,12,12,10,13,12,12,14
SE224,Skåne län,25-34,M,73,74,91,84,100,76,95,86,93,92,89,85,81,70,59,58,69,70,50,74,67,62,85,73,63,52,76,60,76,50,54,57,75,53,54,49,70,55,56,59,68,55,69,50,63,63,65,53,42,57,67,56
SE224,Skåne län,25-34,F,42,25,33,36,42,46,30,40,32,30,39,38,45,45,38,30,32,41,24,29,35,27,41,39,25,37,21,26,33,31,17,22,24,24,17,29,20,18,31,27,34,20,21,24,24,23,25,29,22,31,20,22
SE224,Skåne län,35-44,M,126,129,124,126,135,121,126,151,120,179,117,128,140,142,131,127,121,154,147,140,145,137,120,108,104,117,120,114,103,94,114,99,102,98,115,89,94,89,95,94,82,75,79,63,68,70,75,80,86,80,72,89
SE224,Skåne län,35-44,F,63,76,81,55,51,73,53,79,87,63,70,81,87,68,75,67,74,97,67,72,79,76,76,64,63,52,71,61,58,59,57,63,61,50,48,65,54,55,50,55,46,60,44,40,55,46,50,41,39,40,45,46
SE224,Skåne län,45-54,M,304,282,305,334,321,339,321,315,294,304,284,284,273,296,257,236,252,227,273,255,279,250,276,280,258,267,273,320,285,303,222,256,248,260,218,213,210,215,215,222,211,197,219,190,210,196,199,164,177,190,205,148
SE224,Skåne län,45-54,F,178,184,209,200,205,168,232,174,165,147,174,158,147,139,137,130,122,132,127,141,171,144,160,162,148,192,193,169,203,159,169,153,156,170,177,135,173,152,134,129,141,143,117,121,141,109,122,107,102,114,99,129
SE224,Skåne län,55-64,M,714,817,764,778,791,744,774,817,810,767,825,785,714,754,743,772,722,691,652,617,681,564,569,550,566,565,552,522,526,564,567,539,520,530,570,556,549,561,538,611,592,505,550,539,492,499,458,456,446,469,457,421
SE224,Skåne län,55-64,F,412,440,425,412,433,421,375,403,407,389,349,394,390,396,348,358,418,367,320,323,337,295,320,321,344,285,323,305,302,287,315,349,375,343,338,370,378,427,374,384,348,369,353,335,305,323,332,290,323,299,278,299
SE224,Skåne län,65-74,M,1324,1490,1323,1401,1494,1526,1522,1570,1694,1628,1710,1700,1626,1710,1596,1556,1611,1553,1492,1423,1560,1431,1400,1407,1391,1347,1326,1322,1281,1210,1181,1139,1088,1086,1061,1021,1007,957,960,1008,1055,1005,1099,1089,1081,1117,1081,1156,1165,1111,1116,1083
SE224,Skåne län,65-74,F,926,929,947,890,952,971,1033,971,973,956,983,942,955,952,824,854,842,888,902,872,841,758,831,832,788,900,817,826,769,765,717,702,707,709,712,690,700,650,613,668,676,675,695,698,758,782,769,781,811,817,845,738
SE224,Skåne län,75-84,M,1634,1634,1443,1569,1635,1777,1731,1827,1927,1839,1942,2013,1954,2033,2089,2073,2120,2102,2222,2266,2300,2159,2204,2271,2258,2264,2162,2234,2106,2158,2089,2133,2076,2045,1978,1978,1851,1903,1816,1777,1804,1622,1713,1618,1682,1693,1694,1632,1692,1711,1880,1808
SE224,Skåne län,75-84,F,1744,1720,1625,1595,1585,1612,1705,1760,1824,1771,1795,1844,1781,1792,1813,1857,1884,1891,1930,1936,2049,1949,2024,2083,1863,1990,1827,1910,1798,1833,1901,1864,1826,1842,1808,1810,1700,1704,1599,1615,1473,1472,1434,1453,1537,1502,1355,1450,1418,1458,1456,1491
SE224,Skåne län,85-94,M,844,813,826,882,816,894,912,923,974,922,930,896,925,926,944,1009,936,1001,1065,1098,1120,1097,1173,1237,1237,1387,1297,1368,1433,1428,1462,1502,1470,1481,1537,1468,1527,1565,1667,1718,1679,1719,1763,1822,1933,1831,1787,1782,1782,1793,1857,1728
SE224,Skåne län,85-94,F,1110,1144,1057,1101,1240,1271,1311,1300,1387,1359,1397,1436,1502,1532,1524,1610,1670,1678,1726,1798,1872,2032,2052,2098,2194,2289,2215,2300,2327,2335,2432,2629,2541,2679,2718,2511,2487,2567,2566,2554,2715,2613,2639,2509,2785,2726,2640,2528,2589,2567,2525,2452
SE224,Skåne län,95+,M,48,42,42,64,77,69,75,80,79,76,78,99,105,92,108,107,107,101,116,100,109,107,110,111,113,127,130,91,128,106,141,132,160,155,175,164,168,207,181,206,195,218,220,245,251,271,278,325,299,352,312,302
SE224,Skåne län,95+,F,91,93,111,113,125,131,144,151,160,155,175,210,232,230,218,245,250,266,292,293,301,318,358,341,336,401,347,431,422,473,460,519,529,544,565,597,588,611,642,703,702,654,754,705,806,787,721,820,841,869,899,820
SE231,Hallands län,0-4,M,26,16,27,15,20,21,17,19,16,11,12,15,8,8,11,8,7,12,8,12,7,11,23,10,16,9,14,6,7,9,2,4,7,4,3,9,8,6,9,3,4,9,6,5,5,2,6,5,3,5,4,5
SE231,Hallands län,0-4,F,23,21,12,16,24,13,10,15,13,8,12,9,8,7,13,12,6,6,5,7,5,11,10,10,14,7,9,4,7,8,2,4,6,4,3,2,5,7,3,5,3,4,7,1,2,3,2,3,5,6,1,5
SE231,Hallands län,5-14,M,7,9,7,4,5,6,7,10,8,11,7,3,5,4,2,2,5,4,3,4,3,2,2,1,3,3,1,0,0,5,4,2,2,2,0,3,2,2,2,1,0,4,3,1,3,0,4,2,0,0,2,1
SE231,Hallands län,5-14,F,3,4,5,5,1,5,1,2,5,0,5,6,3,0,1,3,5,2,2,2,2,4,4,2,2,4,1,2,1,1,1,2,1,0,1,0,1,2,0,1,2,2,1,2,1,2,2,1,5,2,3,1
SE231,Hallands län,15-24,M,13,13,15,13,19,22,10,26,18,16,13,18,15,11,8,15,14,11,16,18,11,15,7,12,10,12,10,9,12,6,6,4,8,6,9,11,10,11,9,15,15,5,7,4,15,4,11,13,4,8,4,9
SE231,Hallands län,15-24,F,6,1,7,7,5,4,6,9,2,3,5,8,5,4,3,11,6,10,6,3,7,6,1,4,4,2,3,3,9,4,8,3,2,1,3,6,4,4,0,4,1,3,3,4,3,1,1,2,5,3,4,3
SE231,Hallands län,25-34,M,15,8,9,12,18,10,12,20,16,16,22,20,13,21,16,14,13,15,13,17,13,16,12,18,15,11,16,16,12,11,17,13,17,5,4,5,12,12,15,6,7,13,8,12,3,18,11,12,15,9,13,6
SE231,Hallands län,25-34,F,5,6,9,8,7,9,6,5,9,7,8,6,12,5,6,6,10,5,4,8,4,4,8,8,7,7,3,4,3,2,9,10,2,2,5,3,5,7,2,3,7,3,3,5,5,7,10,7,6,7,6,3
SE231,Hallands län,35-44,M,15,21,21,19,22,25,24,28,31,26,28,29,22,31,31,23,23,27,34,24,22,29,20,24,23,11,28,19,21,25,23,16,14,19,11,24,19,21,20,22,17,18,19,22,16,9,16,16,18,15,21,15
SE231,Hallands län,35-44,F,7,16,16,13,14,21,7,16,20,10,20,16,13,16,17,16,11,18,19,24,17,17,17,13,8,13,10,18,10,13,12,13,12,13,11,13,9,13,6,16,12,9,13,14,11,7,11,13,9,11,1,13
SE231,Hallands län,45-54,M,52,53,53,48,67,56,68,53,57,44,56,50,56,56,49,54,43,49,52,48,48,43,62,52,56,64,52,58,62,67,52,52,62,48,48,34,35,39,37,46,37,50,46,44,29,36,32,46,49,49,44,35
SE231,Hallands län,45-54,F,35,43,33,26,26,48,46,34,32,28,34,31,31,31,22,30,27,34,32,37,35,32,31,28,36,33,37,36,27,36,39,29,36,32,32,41,25,30,28,25,37,20,23,26,37,23,32,32,26,29,28,23
SE231,Hallands län,55-64,M,160,143,142,113,161,155,133,145,162,141,172,166,146,147,142,147,136,160,123,126,129,109,113,119,95,118,117,95,114,114,103,111,126,97,106,131,112,127,123,124,125,111,109,134,113,107,109,88,85,83,102,91
SE231,Hallands län,55-64,F,87,71,75,85,72,76,71,74,72,76,78,75,74,74,81,63,79,88,72,65,65,45,78,56,67,55,51,70,61,63,69,72,82,61,76,65,91,87,69,67,83,83,74,76,75,74,66,70,83,66,61,64
SE231,Hallands län,65-74,M,282,306,263,311,288,290,316,332,311,339,352,356,367,333,349,338,300,338,297,295,346,277,289,282,299,298,296,280,245,255,241,256,227,253,263,230,232,223,200,224,213,222,216,266,248,254,257,272,273,228,254,239
SE231,Hallands län,65-74,F,193,184,184,219,211,178,173,167,183,171,184,161,185,192,192,174,162,176,152,157,154,145,154,180,160,168,161,173,140,171,148,166,144,141,147,148,132,141,135,161,150,139,159,154,151,165,161,172,218,208,192,157
SE231,Hallands län,75-84,M,382,355,350,368,365,349,367,381,419,440,441,405,426,452,430,422,491,489,424,488,467,455,491,496,508,501,494,525,538,496,504,498,557,499,483,456,445,513,425,407,393,399,418,408,416,420,436,375,452,417,468,451
SE231,Hallands län,75-84,F,326,298,341,316,360,345,328,379,356,370,337,345,383,340,384,382,380,393,398,365,405,344,381,353,393,387,378,396,393,376,384,422,371,376,394,371,353,342,347,351,343,335,320,341,335,334,327,345,327,343,328,358
SE231,Hallands län,85-94,M,188,166,170,179,184,176,194,200,202,223,202,199,214,204,211,220,238,241,229,279,254,277,258,319,281,314,315,327,353,368,388,403,378,354,403,372,387,414,433,458,452,478,468,477,528,476,484,458,461,534,486,455
SE231,Hallands län,85-94,F,186,195,204,215,207,215,258,213,256,268,255,293,297,295,298,320,282,342,382,370,398,399,422,452,431,525,485,498,488,527,489,511,562,582,602,618,557,562,624,636,604,641,640,613,649,661,628,618,608,682,621,560
SE231,Hallands län,95+,M,6,15,14,13,16,12,22,17,22,17,21,15,21,30,21,21,15,37,23,17,22,26,24,31,31,37,31,33,34,41,23,35,47,47,46,34,47,41,61,60,59,67,69,74,66,73,74,74,78,96,100,93
SE231,Hallands län,95+,F,22,20,18,15,27,17,25,22,22,40,33,40,36,43,41,36,53,57,50,53,66,63,82,67,69,81,79,83,89,101,91,102,96,116,131,131,119,149,151,145,146,153,174,174,154,169,207,176,203,225,210,224
SE232,Västra Götalands län,0-4,M,197,176,156,142,175,124,134,94,104,85,70,75,63,61,71,74,64,62,68,68,59,80,77,74,75,65,45,53,43,33,36,34,34,35,24,34,40,26,25,30,27,34,35,19,25,36,26,20,38,23,21,27
SE232,Västra Götalands län,0-4,F,122,110,92,113,101,88,102,69,65,55,57,54,51,51,59,58,38,62,48,62,58,51,64,71,58,54,40,36,42,33,23,18,16,36,27,28,40,23,23,20,23,37,28,26,31,26,19,27,25,26,28,26
SE232,Västra Götalands län,5-14,M,32,44,29,31,37,22,35,27,32,19,26,26,27,18,16,12,23,19,13,18,17,15,14,10,13,15,9,16,6,15,13,16,11,10,11,11,9,11,7,10,11,11,5,8,8,4,2,5,6,10,4,6
SE232,Västra Götalands län,5-14,F,26,25,26,21,23,24,21,20,26,25,16,17,13,17,11,10,13,16,10,11,6,11,13,17,9,8,4,9,10,8,14,9,5,10,11,9,9,7,5,6,8,3,9,11,8,8,8,7,8,3,3,8
SE232,Västra Götalands län,15-24,M,119,105,115,120,107,109,89,110,86,81,101,79,81,80,77,69,65,81,65,76,84,68,55,72,48,52,38,48,46,41,67,37,51,45,52,44,63,45,52,50,54,55,34,54,33,42,55,59,44,45,48,41
SE232,Västra Götalands län,15-24,F,41,43,46,41,41,50,30,38,45,42,54,38,24,23,28,30,24,44,28,32,31,24,32,26,21,30,15,29,17,18,42,22,13,23,20,26,34,21,22,25,27,24,24,25,19,21,18,16,23,27,27,16
SE232,Västra Götalands län,25-34,M,110,120,141,103,121,127,143,120,143,150,135,138,135,115,126,131,98,91,113,99,107,90,77,95,89,83,97,87,75,89,73,71,74,82,65,53,57,67,48,75,89,88,80,60,78,89,80,103,89,92,93,91
SE232,Västra Götalands län,25-34,F,38,55,58,50,68,59,51,58,59,52,58,56,62,51,46,42,61,57,50,46,40,52,52,47,36,37,36,33,33,37,30,38,18,25,22,37,25,21,25,15,27,25,30,30,23,35,37,34,36,32,44,47
SE232,Västra Götalands län,35-44,M,169,169,162,181,156,183,179,164,163,181,205,213,207,199,212,229,194,194,241,188,202,193,159,176,169,178,166,134,145,144,135,128,126,126,114,129,117,121,109,127,137,119,102,112,107,90,92,105,103,116,114,104
SE232,Västra Götalands län,35-44,F,112,102,89,112,81,97,84,85,87,99,97,79,107,78,112,115,89,105,92,91,117,111,98,101,96,77,78,92,77,67,71,70,64,60,60,65,62,75,74,74,71,69,66,58,54,66,65,46,56,52,57,64
SE232,Västra Götalands län,45-54,M,393,442,435,467,446,409,475,433,470,441,411,437,402,355,383,365,359,342,313,344,350,351,339,334,368,346,377,351,395,363,355,344,322,311,292,306,313,300,286,253,297,264,250,227,249,239,258,233,245,206,226,198
SE232,Västra Götalands län,45-54,F,255,286,266,251,250,260,237,262,213,242,219,224,232,207,221,214,204,186,190,196,176,183,191,197,265,205,217,229,195,225,227,231,214,232,203,187,168,191,175,182,167,181,173,172,186,172,173,162,157,175,149,175
SE232,Västra Götalands län,55-64,M,1051,1055,1050,1029,952,1052,1047,1063,1109,1031,1037,1044,1044,1012,1026,978,1005,935,854,796,769,753,740,738,723,674,663,665,658,637,654,701,655,710,755,722,714,736,733,698,696,648,667,648,633,615,590,551,571,553,563,526
SE232,Västra Götalands län,55-64,F,590,678,652,575,587,549,568,603,616,563,512,518,581,526,536,491,502,464,435,487,458,382,402,392,392,391,357,390,375,369,403,396,440,438,430,442,453,488,445,423,476,440,453,431,376,401,376,383,404,376,396,372
SE232,Västra Götalands län,65-74,M,1932,2017,1962,1972,1986,2053,2101,2147,2189,2223,2212,2152,2085,2194,2168,2035,2028,2179,2087,1923,1895,1847,1848,1827,1854,1755,1679,1627,1531,1523,1467,1386,1342,1236,1226,1307,1275,1269,1221,1207,1256,1202,1239,1319,1330,1386,1405,1364,1494,1462,1428,1351
SE232,Västra Götalands län,65-74,F,1361,1396,1305,1305,1342,1368,1372,1328,1402,1259,1266,1324,1325,1295,1331,1229,1160,1220,1166,1146,1219,1145,1154,1086,1112,1115,1027,969,966,957,885,867,835,883,872,824,804,773,813,821,762,818,854,869,909,957,938,942,989,1007,1001,911
SE232,Västra Götalands län,75-84,M,2325,2232,2223,2388,2389,2401,2470,2524,2654,2604,2592,2655,2763,2735,2739,2875,2921,2980,2916,2901,3008,2967,3074,2945,2902,3050,2884,2929,2737,2951,2781,2816,2744,2885,2728,2685,2559,2567,2542,2420,2246,2222,2278,2104,2231,2043,2083,2114,2098,2181,2234,2365
SE232,Västra Götalands län,75-84,F,2370,2309,2249,2269,2226,2263,2374,2503,2580,2426,2487,2558,2536,2544,2526,2434,2434,2752,2629,2551,2649,2619,2639,2623,2657,2667,2480,2586,2494,2559,2474,2458,2397,2364,2472,2390,2237,2200,2063,2028,2084,1828,1915,1835,1796,1846,1704,1795,1742,1829,1867,1901
SE232,Västra Götalands län,85-94,M,953,993,936,945,1039,1093,1146,1142,1233,1183,1181,1200,1288,1332,1298,1396,1352,1462,1468,1503,1529,1508,1690,1736,1701,1803,1684,1883,1951,1984,2054,2132,1979,2070,2205,2091,2001,2205,2207,2273,2284,2284,2395,2336,2425,2424,2358,2374,2333,2441,2390,2337
SE232,Västra Götalands län,85-94,F,1207,1208,1226,1286,1344,1474,1486,1623,1814,1610,1711,1799,1797,1947,1885,2043,2101,2181,2320,2284,2546,2451,2567,2682,2688,2837,2809,2932,3011,3022,3221,3332,3357,3418,3437,3288,3169,3245,3371,3546,3506,3371,3477,3419,3439,3333,3219,3266,3200,3202,3138,3023
SE232,Västra Götalands län,95+,M,43,56,58,55,80,70,90,91,93,88,78,101,114,114,109,118,117,117,122,115,127,134,145,160,163,148,149,153,177,175,176,178,187,223,239,209,225,246,256,281,288,308,311,268,331,311,329,369,403,411,414,436
SE232,Västra Götalands län,95+,F,93,98,103,118,122,126,158,163,182,149,184,198,222,232,248,252,274,310,315,327,379,376,367,424,433,475,431,509,555,585,565,654,636,647,700,709,756,738,805,821,859,831,827,856,949,888,838,1004,1024,1073,1039,978
SE311,Värmlands län,0-4,M,30,32,17,30,24,21,27,25,14,17,15,12,9,13,8,7,12,12,12,16,23,11,9,20,17,17,7,8,7,6,14,6,4,3,5,3,2,3,7,1,3,1,2,3,2,2,3,2,2,10,10,4
SE311,Värmlands län,0-4,F,23,18,15,19,16,22,14,17,12,10,10,5,7,10,9,11,10,15,8,9,21,12,8,7,14,4,10,10,6,6,6,3,5,9,1,4,5,4,4,4,3,7,4,3,1,4,4,2,7,2,1,1
SE311,Värmlands län,5-14,M,9,7,4,5,9,12,8,9,9,7,9,7,5,1,3,5,2,3,1,1,5,3,0,1,4,3,2,2,3,2,3,3,4,0,0,3,1,5,2,1,1,3,2,1,3,1,3,2,3,2,0,1
SE311,Värmlands län,5-14,F,5,7,3,3,5,6,3,6,5,1,8,5,1,1,4,2,2,3,4,1,1,6,2,4,0,1,1,1,4,2,1,1,0,2,3,1,1,2,1,2,1,1,1,1,1,0,2,2,1,0,1,0
SE311,Värmlands län,15-24,M,17,25,26,29,15,22,12,20,19,9,29,25,11,17,8,12,27,20,14,19,17,15,16,15,12,9,10,9,5,13,9,13,9,16,6,10,12,14,14,20,11,11,9,18,14,15,9,4,5,9,9,4
SE311,Värmlands län,15-24,F,7,9,16,10,11,2,5,4,10,1,5,6,9,11,5,8,4,7,4,10,8,4,5,8,4,6,7,5,3,1,1,5,5,3,5,5,3,6,10,4,5,9,1,4,6,5,3,4,3,2,3,5
SE311,Värmlands län,25-34,M,22,22,29,24,28,23,30,23,25,19,36,24,17,26,21,20,24,22,25,18,27,29,17,16,23,23,10,18,17,17,14,16,14,10,9,13,15,16,14,12,15,22,14,11,6,10,11,19,25,19,16,15
SE311,Värmlands län,25-34,F,12,10,7,8,11,7,10,11,14,19,11,10,9,7,9,11,13,9,11,5,9,7,6,7,11,2,11,10,10,4,7,6,3,8,6,5,6,4,2,5,6,4,5,7,5,5,3,11,6,3,6,6
SE311,Värmlands län,35-44,M,44,27,37,45,35,39,40,39,38,31,43,30,43,37,43,45,43,44,38,52,36,44,45,32,33,27,30,17,21,24,18,32,15,28,27,25,23,23,23,25,22,31,16,19,20,23,22,25,15,19,17,16
SE311,Värmlands län,35-44,F,24,28,15,19,22,25,22,21,18,18,10,18,24,18,26,21,16,24,29,19,33,15,16,10,20,23,14,18,14,16,18,18,26,15,14,17,11,18,8,16,19,8,9,12,11,10,11,12,13,10,5,10
SE311,Värmlands län,45-54,M,115,125,111,119,117,115,115,96,92,112,104,104,83,95,93,69,67,98,83,71,61,63,61,84,67,84,69,79,67,81,72,76,76,80,71,57,50,62,56,61,64,61,63,39,48,41,41,45,33,42,40,51
SE311,Värmlands län,45-54,F,76,61,56,66,57,59,49,63,46,49,48,41,48,39,35,36,39,40,46,49,39,40,30,30,49,42,41,50,39,56,43,48,40,39,34,36,33,36,40,41,40,31,29,37,28,35,39,26,24,25,30,22
SE311,Värmlands län,55-64,M,290,273,268,297,291,271,280,295,291,289,278,256,263,274,245,257,230,218,207,202,212,181,184,171,163,141,142,181,141,129,146,141,130,152,163,153,167,151,167,140,155,156,130,117,135,151,122,135,113,111,113,95
SE311,Värmlands län,55-64,F,160,166,153,137,129,133,156,144,128,140,123,124,138,122,135,106,125,114,113,98,92,91,107,107,102,94,98,93,95,72,86,85,99,91,107,85,101,95,78,108,94,82,75,85,69,78,60,70,87,69,75,60
SE311,Värmlands län,65-74,M,520,525,555,577,529,559,556,596,594,554,598,601,598,601,529,545,521,520,521,519,511,475,466,439,443,418,444,431,374,388,327,351,329,337,258,293,261,277,266,252,265,288,275,291,294,271,292,310,311,289,317,270
SE311,Värmlands län,65-74,F,398,374,374,361,383,358,359,374,356,323,369,351,335,332,330,288,322,293,290,297,302,275,320,286,264,277,262,249,232,231,211,228,184,195,189,187,153,177,177,172,196,199,183,172,201,198,171,203,213,194,183,184
SE311,Värmlands län,75-84,M,624,605,569,634,609,610,652,692,716,689,711,738,722,729,728,704,744,766,704,707,735,653,701,720,694,737,670,685,714,657,672,680,672,618,625,632,584,593,520,488,528,544,515,466,494,444,428,477,451,478,501,474
SE311,Värmlands län,75-84,F,609,581,588,565,558,513,555,601,636,660,615,675,703,651,635,662,650,665,680,628,662,612,690,648,585,670,623,574,586,595,548,591,579,531,517,527,513,499,460,449,423,456,430,386,417,396,378,409,420,406,372,366
SE311,Värmlands län,85-94,M,260,272,245,250,253,291,291,252,264,318,284,266,285,296,282,329,337,371,319,347,390,338,344,389,412,409,371,453,454,407,408,426,457,407,475,448,428,464,519,479,477,507,488,456,464,558,494,561,504,469,498,482
SE311,Värmlands län,85-94,F,291,282,265,285,322,315,343,334,342,330,360,401,420,414,414,438,493,534,533,494,551,531,556,563,626,693,658,665,659,676,635,686,691,684,659,667,663,685,717,684,747,723,740,702,727,717,727,696,683,689,668,652
SE311,Värmlands län,95+,M,13,11,18,17,16,14,14,19,29,21,21,26,24,21,31,23,32,25,31,23,26,27,37,36,38,44,34,36,36,30,45,34,43,34,32,40,36,35,58,45,46,52,63,50,72,68,61,65,83,73,78,75
SE311,Värmlands län,95+,F,24,29,22,25,25,29,28,34,41,35,32,28,39,53,38,51,45,44,51,49,62,66,75,74,81,106,81,77,103,114,94,100,122,131,157,160,144,128,169,166,187,157,177,167,174,171,153,168,195,211,188,215
SE312,Dalarnas län,0-4,M,19,33,25,24,30,26,21,17,21,15,13,15,21,14,14,7,18,18,17,14,11,15,17,17,21,10,9,8,7,6,7,3,6,5,13,5,5,8,5,5,3,3,2,3,10,5,6,3,7,6,6,4
SE312,Dalarnas län,0-4,F,19,21,16,18,27,16,19,20,13,15,11,18,8,11,10,12,14,11,11,11,8,11,12,16,8,12,6,5,10,4,3,3,4,5,6,7,4,3,6,3,4,5,4,3,3,9,5,6,5,3,4,4
SE312,Dalarnas län,5-14,M,6,7,11,6,5,11,8,11,7,5,13,6,6,6,5,3,3,5,3,5,1,5,3,0,1,2,3,0,2,2,2,2,5,0,1,4,2,0,2,0,3,1,1,0,2,1,2,1,0,0,0,0
SE312,Dalarnas län,5-14,F,10,5,10,5,4,6,5,4,3,4,6,6,5,4,3,1,0,4,1,0,1,3,2,4,2,2,3,1,1,2,1,2,4,2,0,2,1,1,0,2,3,0,3,1,0,2,0,3,0,1,4,3
SE312,Dalarnas län,15-24,M,25,31,21,35,21,23,22,27,24,27,21,13,21,12,18,25,15,10,17,24,27,16,8,19,14,12,13,11,11,16,10,10,3,19,9,7,8,14,11,17,8,6,11,4,15,6,12,12,8,8,12,7
SE312,Dalarnas län,15-24,F,8,10,10,8,9,6,9,13,6,16,9,5,5,12,7,6,6,8,8,4,4,7,3,9,8,5,4,3,6,9,3,3,4,6,5,4,4,3,5,4,8,3,3,6,5,1,1,5,0,3,6,2
SE312,Dalarnas län,25-34,M,22,19,21,24,30,22,34,33,30,30,32,22,32,23,26,21,42,20,20,21,18,20,18,32,16,16,22,17,14,15,14,7,13,14,13,11,18,11,11,12,12,13,14,18,9,9,18,19,10,19,14,19
SE312,Dalarnas län,25-34,F,15,8,9,8,7,9,11,14,17,10,13,13,11,10,5,7,7,15,11,8,11,11,8,8,11,4,5,7,9,5,3,10,4,2,5,5,5,3,6,5,5,6,6,8,2,3,9,2,2,3,7,2
SE312,Dalarnas län,35-44,M,25,33,38,34,29,28,31,37,27,31,36,34,38,34,34,32,43,23,38,39,36,38,33,38,31,32,29,29,38,30,21,28,20,23,26,14,16,26,14,20,16,18,21,19,13,12,12,13,19,17,11,24
SE312,Dalarnas län,35-44,F,23,23,21,25,17,8,20,18,21,23,26,19,26,11,20,20,27,17,22,25,24,20,14,19,16,14,14,19,12,13,13,7,15,12,10,10,7,8,14,9,7,11,12,6,14,5,10,11,13,6,8,7
SE312,Dalarnas län,45-54,M,95,96,112,102,119,95,95,109,89,92,85,75,72,78,80,59,67,61,77,64,88,77,61,86,75,75,63,72,71,78,77,57,61,64,58,55,50,48,51,49,41,38,33,43,41,47,37,38,42,37,39,31
SE312,Dalarnas län,45-54,F,59,50,53,53,58,69,61,61,42,45,38,39,38,47,33,47,38,39,30,40,43,42,37,36,46,47,42,39,38,52,51,41,34,31,28,35,30,27,31,31,27,34,19,25,25,28,33,26,35,17,28,22
SE312,Dalarnas län,55-64,M,235,255,237,245,248,229,226,253,229,257,260,249,247,241,224,213,216,199,181,189,185,160,154,180,166,168,138,120,145,133,139,130,129,136,147,132,159,162,140,148,136,144,139,105,118,108,113,98,120,86,84,108
SE312,Dalarnas län,55-64,F,142,155,147,138,124,132,131,140,139,98,134,116,124,119,116,120,128,105,93,103,105,83,86,77,82,93,72,82,77,88,72,78,94,76,98,86,92,86,107,92,87,86,83,70,74,67,90,86,62,73,71,57
SE312,Dalarnas län,65-74,M,501,467,494,481,505,520,531,557,553,542,570,582,547,543,538,521,489,518,520,486,530,445,458,429,434,443,403,352,358,303,345,292,259,267,252,307,279,248,253,246,252,273,241,283,270,303,295,303,276,288,292,272
SE312,Dalarnas län,65-74,F,343,332,301,332,320,313,339,307,328,332,346,310,359,353,351,330,296,305,290,288,312,264,257,253,295,259,244,247,236,220,181,181,180,177,196,172,143,185,165,172,161,194,216,182,183,175,187,214,191,192,195,192
SE312,Dalarnas län,75-84,M,586,612,553,602,610,644,620,659,644,666,679,692,680,663,713,664,713,711,703,732,736,703,684,771,781,683,657,761,650,728,693,661,614,653,674,625,573,567,504,515,505,470,459,452,496,452,451,473,458,417,497,511
SE312,Dalarnas län,75-84,F,593,551,548,523,582,580,591,611,592,599,656,639,646,641,609,636,585,682,621,639,689,631,685,642,682,654,617,559,572,598,596,590,617,565,608,555,516,524,462,457,456,410,430,414,431,404,380,362,404,378,379,360
SE312,Dalarnas län,85-94,M,222,235,221,212,288,303,275,273,297,275,287,271,319,293,267,316,295,332,325,338,359,332,350,334,414,427,367,430,429,466,463,484,462,479,472,473,470,515,518,515,510,533,504,497,556,536,467,544,500,564,507,465
SE312,Dalarnas län,85-94,F,280,272,234,295,299,335,278,337,352,384,362,399,361,425,404,427,461,483,468,531,542,526,568,562,584,672,674,624,642,663,658,679,717,737,765,737,737,701,729,726,740,770,751,715,775,732,701,700,714,670,654,651
SE312,Dalarnas län,95+,M,13,12,14,7,13,15,20,22,23,19,16,12,21,16,23,15,16,24,17,23,20,27,38,41,29,42,32,27,35,35,23,52,42,45,46,49,37,65,47,40,42,67,46,61,73,70,51,78,81,83,88,87
SE312,Dalarnas län,95+,F,15,17,17,20,22,19,31,23,26,31,32,32,36,24,35,43,46,46,58,69,60,68,78,82,68,71,77,110,87,117,103,98,119,124,136,127,149,132,149,164,149,164,167,170,211,171,168,176,204,220,212,202
SE313,Gävleborgs län,0-4,M,36,33,30,33,30,25,20,19,23,11,10,12,12,16,15,15,11,17,9,14,18,14,16,25,14,17,9,12,7,3,8,3,6,10,5,5,4,4,10,4,4,3,6,7,12,6,6,15,6,7,5,4
SE313,Gävleborgs län,0-4,F,22,18,22,23,16,20,12,17,17,14,4,3,11,9,10,15,10,6,10,6,8,10,16,9,5,11,7,7,8,7,3,4,5,6,3,7,3,5,6,4,3,8,6,3,6,2,4,5,10,3,8,5
SE313,Gävleborgs län,5-14,M,5,18,14,10,10,4,8,7,8,3,1,5,2,7,6,4,2,2,3,4,0,2,2,3,1,4,0,5,3,5,3,2,3,1,2,2,1,2,4,3,2,0,0,4,2,2,2,1,0,2,1,0
SE313,Gävleborgs län,5-14,F,7,5,5,8,7,7,6,9,6,1,8,5,3,3,5,3,3,2,4,1,1,1,3,3,3,2,2,0,1,4,0,0,2,2,1,3,2,1,1,0,0,0,2,2,1,1,0,0,1,1,1,0
SE313,Gävleborgs län,15-24,M,24,27,24,31,21,19,30,26,20,14,21,17,16,16,16,14,25,16,25,13,22,23,17,15,15,18,11,8,6,5,12,6,8,8,7,10,19,11,9,13,10,13,12,11,6,10,10,16,5,15,16,10
SE313,Gävleborgs län,15-24,F,13,6,8,9,4,7,11,8,6,4,4,6,1,4,3,5,6,7,3,3,7,10,5,4,9,4,3,10,3,2,4,1,1,1,6,5,4,5,9,4,1,6,6,2,4,5,3,2,3,5,4,2
SE313,Gävleborgs län,25-34,M,26,27,23,23,28,23,29,25,20,26,26,36,24,24,22,14,27,25,23,21,11,25,15,22,18,18,14,18,20,12,14,17,16,11,11,17,16,5,13,15,15,8,13,11,13,10,18,19,22,14,15,21
SE313,Gävleborgs län,25-34,F,16,10,4,13,10,11,14,12,11,7,11,12,7,12,10,8,4,8,9,4,9,5,5,7,4,9,9,9,7,7,7,2,2,2,4,3,4,7,7,8,5,3,2,5,4,4,11,13,7,6,3,10
SE313,Gävleborgs län,35-44,M,34,42,37,42,45,41,39,29,50,34,35,34,33,57,30,34,51,48,41,33,47,37,56,37,26,38,36,37,23,29,24,34,17,27,25,22,25,21,27,26,23,20,19,16,15,13,13,12,22,21,17,19
SE313,Gävleborgs län,35-44,F,26,29,25,22,16,17,17,25,35,18,18,30,22,15,13,25,23,18,21,28,23,20,13,29,21,23,9,20,16,13,16,13,17,8,13,9,14,7,13,7,16,10,12,8,12,7,10,9,10,8,8,10
SE313,Gävleborgs län,45-54,M,103,111,114,110,126,121,108,82,98,111,92,98,79,84,76,88,71,81,83,84,72,78,73,95,88,69,70,72,81,81,84,68,76,75,69,68,54,59,51,52,47,45,51,52,54,43,58,52,52,39,39,33
SE313,Gävleborgs län,45-54,F,67,61,61,63,60,58,57,59,50,53,46,52,44,37,41,40,44,39,47,40,34,49,47,50,54,46,41,39,51,52,41,41,54,42,45,39,42,42,46,29,38,33,35,39,26,30,30,32,32,35,18,23
SE313,Gävleborgs län,55-64,M,244,245,291,286,257,272,266,234,282,238,246,251,250,240,262,249,240,247,228,212,205,187,180,179,164,144,156,142,152,150,141,153,158,148,149,164,157,148,167,166,154,146,152,134,124,132,135,122,100,102,110,81
SE313,Gävleborgs län,55-64,F,172,167,154,155,147,135,113,129,117,124,116,132,141,125,116,105,138,124,120,104,103,107,90,109,95,88,76,84,81,68,110,78,88,86,105,109,99,106,110,92,97,107,100,72,85,64,84,82,72,73,70,80
SE313,Gävleborgs län,65-74,M,489,547,545,531,537,548,557,527,595,567,560,526,577,528,548,512,492,536,506,468,492,497,479,517,433,448,426,399,388,328,343,339,344,303,321,288,279,302,280,273,295,294,294,295,300,324,326,312,294,313,301,299
SE313,Gävleborgs län,65-74,F,371,370,357,347,376,370,363,397,336,362,311,337,341,338,314,318,307,282,315,320,283,278,268,313,289,304,275,249,267,230,203,182,213,203,251,208,178,217,188,192,169,187,187,205,199,218,243,238,235,215,202,203
SE313,Gävleborgs län,75-84,M,579,603,583,600,592,668,668,653,687,705,688,735,698,728,733,749,705,809,796,721,784,746,752,828,677,778,700,654,721,632,649,679,658,613,650,641,585,572,599,530,562,551,507,471,493,498,468,476,466,500,483,548
SE313,Gävleborgs län,75-84,F,572,637,583,540,583,607,582,598,627,642,657,627,684,665,649,638,681,685,682,701,720,653,669,675,636,662,592,613,640,589,608,619,577,568,585,564,543,521,493,532,456,463,439,427,446,392,420,418,393,435,424,407
SE313,Gävleborgs län,85-94,M,254,246,225,246,259,278,236,271,316,238,294,301,295,308,298,332,297,340,340,388,392,376,383,363,369,424,374,420,413,386,483,459,441,434,449,489,432,469,482,483,502,470,489,518,533,514,476,532,471,526,480,519
SE313,Gävleborgs län,85-94,F,284,255,261,269,313,350,329,380,369,389,375,364,415,473,444,446,480,504,525,599,586,539,573,569,622,650,629,653,668,656,708,706,701,658,761,703,709,768,709,803,768,754,749,753,773,724,683,725,685,683,619,592
SE313,Gävleborgs län,95+,M,14,6,7,12,16,18,17,18,18,24,16,16,13,23,23,24,22,22,17,20,27,33,30,29,31,32,25,37,43,37,38,40,46,33,32,48,39,45,43,45,50,61,53,63,55,52,52,71,71,69,77,68
SE313,Gävleborgs län,95+,F,18,27,18,20,25,24,17,31,32,30,32,39,28,41,46,51,50,42,64,57,66,55,82,70,76,87,82,78,81,103,118,104,133,131,135,154,145,166,149,146,169,162,132,169,172,148,166,219,197,194,183,173
SE321,Västernorrlands län,0-4,M,36,25,19,22,26,22,19,16,10,15,22,12,19,10,13,14,14,18,8,12,11,14,11,14,12,8,6,8,2,6,4,8,7,4,7,8,5,6,9,4,1,6,5,6,5,4,1,3,2,1,2,6
SE321,Västernorrlands län,0-4,F,25,11,19,12,19,19,19,21,15,15,14,14,11,9,6,20,9,14,8,11,8,5,8,16,6,6,9,10,2,6,2,2,1,2,5,3,7,1,5,4,4,0,4,3,1,6,5,3,2,3,2,3
SE321,Västernorrlands län,5-14,M,10,7,12,11,10,2,4,4,10,11,8,5,9,2,0,6,6,3,2,1,7,0,4,2,5,4,2,3,0,2,1,7,3,3,1,1,2,2,1,3,1,0,0,1,1,2,0,4,0,2,0,1
SE321,Västernorrlands län,5-14,F,4,4,2,6,8,5,7,7,1,2,3,8,2,3,0,4,1,4,2,2,1,1,2,3,5,2,1,4,2,0,1,0,3,3,1,1,0,0,1,0,0,2,1,0,0,1,0,1,2,2,1,1
SE321,Västernorrlands län,15-24,M,24,24,12,21,17,11,24,19,16,12,13,32,19,10,8,17,15,15,16,20,16,12,19,16,12,10,19,13,5,7,6,12,7,8,10,13,8,10,4,13,12,11,9,6,7,7,7,3,5,7,8,5
SE321,Västernorrlands län,15-24,F,6,7,7,11,3,6,7,3,7,2,6,8,4,9,2,8,2,6,11,4,6,10,11,2,4,5,3,1,2,7,3,3,5,5,3,6,1,2,2,2,3,5,1,4,5,2,3,5,3,3,2,4
SE321,Västernorrlands län,25-34,M,21,27,20,23,21,26,19,27,27,23,27,30,23,10,16,19,17,17,20,17,21,15,12,16,16,11,13,14,14,13,10,15,11,8,6,7,9,14,14,12,10,9,9,10,6,14,12,14,19,14,11,17
SE321,Västernorrlands län,25-34,F,6,13,8,6,14,9,5,13,17,8,10,7,8,5,9,18,3,8,9,11,4,4,2,10,5,6,4,6,4,4,4,0,3,3,4,6,5,2,3,1,2,4,2,2,5,4,7,3,1,2,5,4
SE321,Västernorrlands län,35-44,M,40,31,23,38,25,30,41,27,24,43,41,39,38,25,33,38,35,31,35,27,28,33,33,35,23,27,25,21,20,21,19,23,17,21,16,23,15,13,20,16,17,23,18,17,21,17,22,17,23,18,14,13
SE321,Västernorrlands län,35-44,F,20,32,26,16,12,22,21,20,23,20,20,22,17,13,15,15,23,22,20,25,16,16,23,13,15,13,13,16,13,12,10,16,6,13,17,11,11,12,9,13,8,10,7,10,11,9,8,12,5,10,5,7
SE321,Västernorrlands län,45-54,M,99,92,86,104,106,88,98,102,104,91,89,80,96,70,71,69,76,61,57,60,53,70,51,71,59,56,69,71,68,54,69,64,41,45,51,43,45,45,43,54,49,51,49,50,34,51,50,31,33,49,31,28
SE321,Västernorrlands län,45-54,F,57,83,52,54,48,47,57,43,62,43,37,41,35,47,42,32,34,29,40,30,41,46,47,42,44,32,34,44,35,32,34,38,37,27,20,30,29,39,34,28,22,20,20,36,16,24,16,22,29,26,23,16
SE321,Västernorrlands län,55-64,M,246,270,236,237,253,255,241,255,231,227,220,222,239,224,218,204,220,200,182,188,181,151,151,155,147,139,137,127,114,137,149,124,128,126,127,119,153,148,143,157,157,156,135,115,116,111,109,99,104,96,105,93
SE321,Västernorrlands län,55-64,F,160,147,137,141,159,123,127,145,107,119,105,110,115,111,110,112,116,104,99,83,85,107,83,97,75,65,80,77,74,81,76,78,79,84,78,92,76,104,95,77,93,93,83,80,65,90,68,88,66,63,47,47
SE321,Västernorrlands län,65-74,M,474,464,456,495,494,483,547,500,535,518,449,517,509,534,492,477,463,494,455,419,457,409,454,391,410,371,340,352,361,351,340,326,279,286,276,255,281,259,254,253,237,222,270,268,264,287,265,317,267,285,271,256
SE321,Västernorrlands län,65-74,F,348,345,305,348,306,313,343,324,339,334,329,305,328,312,298,309,267,279,255,246,288,241,239,252,246,264,248,210,235,222,191,183,210,196,191,166,173,196,172,159,144,175,182,165,190,165,195,204,198,215,175,214
SE321,Västernorrlands län,75-84,M,535,577,509,493,567,599,584,582,605,574,605,581,610,648,586,691,653,725,670,739,623,619,690,646,645,649,635,602,636,603,606,605,577,598,584,633,522,557,537,540,516,508,498,489,490,416,460,460,450,466,456,469
SE321,Västernorrlands län,75-84,F,575,528,523,518,482,540,546,581,641,533,617,574,564,601,563,567,602,577,572,616,638,578,620,570,586,609,549,542,561,525,550,505,511,497,533,548,487,469,462,461,446,437,468,399,419,389,431,410,370,371,402,410
SE321,Västernorrlands län,85-94,M,190,214,219,228,218,228,216,256,248,246,261,259,247,271,273,263,277,305,324,301,330,326,335,339,348,399,340,410,381,417,419,397,424,431,410,404,396,399,420,427,447,452,454,440,436,440,424,455,456,472,438,412
SE321,Västernorrlands län,85-94,F,228,233,241,245,281,291,270,300,308,287,305,362,388,423,387,411,378,422,449,457,503,496,535,478,527,612,546,644,573,662,614,638,669,694,651,646,614,640,619,633,634,711,653,673,680,679,627,644,628,638,610,545
SE321,Västernorrlands län,95+,M,7,9,11,10,8,19,15,14,16,11,17,10,22,15,15,20,23,17,22,16,22,23,23,36,29,32,28,32,31,34,30,30,42,36,33,30,47,38,50,45,43,48,40,45,45,42,47,62,61,62,50,69
SE321,Västernorrlands län,95+,F,20,12,20,11,16,19,17,26,24,31,41,44,26,33,48,29,43,49,38,54,54,54,54,58,76,71,67,66,94,85,102,96,94,112,132,128,119,125,140,122,126,138,128,139,130,143,151,159,153,138,157,149
SE322,Jämtlands län,0-4,M,12,16,10,12,5,6,13,9,11,7,3,7,4,5,9,5,10,6,8,6,3,10,9,7,5,4,5,2,1,2,1,1,1,1,2,3,4,0,3,1,2,3,1,1,2,1,3,2,1,0,1,3
SE322,Jämtlands län,0-4,F,9,5,7,5,8,15,12,7,10,7,3,5,6,9,6,6,9,4,6,6,3,7,7,6,5,0,4,1,2,2,2,1,4,0,1,1,1,1,4,3,0,1,2,1,2,2,1,0,1,1,0,1
SE322,Jämtlands län,5-14,M,2,2,3,5,2,5,6,3,7,7,3,2,4,6,3,5,5,4,2,2,1,2,1,1,0,2,2,1,0,1,1,3,3,2,0,1,0,0,3,0,2,0,0,0,1,1,1,0,1,1,1,1
SE322,Jämtlands län,5-14,F,3,3,4,1,2,2,0,5,0,3,1,2,5,0,2,2,2,1,2,1,1,1,1,1,2,2,1,1,3,1,0,1,1,1,1,1,1,3,0,1,1,2,0,2,1,0,0,0,0,1,0,0
SE322,Jämtlands län,15-24,M,12,13,15,11,12,20,11,7,8,5,11,4,6,6,5,9,13,7,6,12,11,9,8,10,8,10,8,6,7,7,4,5,2,5,3,9,5,2,7,7,7,4,8,8,5,5,5,6,4,4,7,2
SE322,Jämtlands län,15-24,F,5,6,5,3,7,1,6,4,5,3,3,2,4,4,4,2,2,3,4,1,3,0,4,1,2,2,1,2,3,1,1,1,3,0,2,4,3,2,2,2,3,0,3,2,5,2,3,3,0,3,3,0
SE322,Jämtlands län,25-34,M,14,18,9,13,16,16,13,7,17,20,11,7,22,11,18,13,11,6,8,13,15,14,9,10,9,11,8,10,8,4,15,10,8,4,1,9,7,8,2,5,7,3,2,9,6,10,2,8,3,9,12,6
SE322,Jämtlands län,25-34,F,3,8,5,5,6,4,4,8,7,8,2,4,7,3,4,3,8,3,4,4,2,3,3,6,2,4,1,4,3,1,5,2,2,3,3,4,2,6,1,1,3,1,4,0,1,3,1,3,1,5,2,2
SE322,Jämtlands län,35-44,M,10,24,12,18,13,17,21,12,14,23,22,24,25,12,14,22,25,21,17,14,23,19,15,28,13,19,19,7,15,7,15,11,18,15,10,8,11,9,11,6,9,7,10,11,5,5,11,7,4,9,9,9
SE322,Jämtlands län,35-44,F,3,13,10,9,8,9,10,9,16,9,13,8,9,10,6,13,11,12,10,5,5,14,10,11,9,8,6,6,4,5,5,8,6,6,8,4,7,3,6,6,5,4,3,3,4,3,5,2,6,5,3,9
SE322,Jämtlands län,45-54,M,49,44,40,37,39,47,56,46,43,31,33,50,36,33,36,32,37,25,47,31,42,32,42,38,35,34,38,23,33,36,43,34,23,26,22,22,29,27,26,23,17,21,26,21,16,17,22,21,12,15,15,19
SE322,Jämtlands län,45-54,F,36,32,28,26,25,22,31,38,21,19,24,18,24,22,26,17,16,18,22,17,20,21,20,22,18,17,20,22,18,16,21,21,13,18,9,12,18,19,19,15,17,8,13,14,15,19,11,14,12,15,10,9
SE322,Jämtlands län,55-64,M,111,96,104,136,140,125,115,126,110,136,104,120,116,114,123,102,100,104,100,81,99,83,79,78,60,78,58,69,73,63,62,83,63,40,68,67,75,71,77,76,67,62,57,61,56,52,50,67,54,45,48,60
SE322,Jämtlands län,55-64,F,62,68,58,59,67,56,62,45,76,52,67,56,56,68,55,45,46,36,51,54,43,43,29,40,44,46,43,51,35,30,42,49,44,34,36,42,45,40,45,59,36,45,40,34,33,24,40,36,43,35,31,24
SE322,Jämtlands län,65-74,M,208,243,228,220,265,213,225,257,246,283,241,263,272,269,257,258,238,265,272,258,240,215,221,225,213,211,215,185,172,172,169,151,133,129,131,118,135,124,120,107,111,124,114,113,123,144,157,149,141,132,141,139
SE322,Jämtlands län,65-74,F,174,150,132,155,165,154,163,167,122,121,138,140,149,143,162,142,151,115,125,132,151,120,132,134,131,132,113,106,111,116,101,96,82,104,89,89,79,91,87,82,85,76,91,85,85,77,84,96,96,74,84,89
SE322,Jämtlands län,75-84,M,298,280,308,318,304,312,346,340,322,320,376,350,373,347,324,337,339,363,382,342,374,333,372,367,391,336,329,357,349,330,342,327,337,345,318,315,307,280,258,260,244,240,223,234,231,206,210,204,199,230,208,213
SE322,Jämtlands län,75-84,F,280,253,252,254,273,289,268,280,291,296,280,244,314,298,293,309,288,319,270,284,261,272,288,277,293,285,238,279,240,277,273,297,274,277,231,248,265,246,242,227,196,186,169,207,176,184,182,213,173,172,164,190
SE322,Jämtlands län,85-94,M,141,138,140,157,150,157,183,160,167,177,188,219,168,193,185,165,151,191,184,190,198,181,208,200,214,241,200,231,205,217,228,243,246,258,224,250,260,266,255,265,241,265,243,244,225,262,238,227,239,239,231,214
SE322,Jämtlands län,85-94,F,125,136,134,149,154,166,145,187,172,166,203,222,208,263,201,199,223,256,261,265,262,256,286,300,242,309,291,292,302,331,301,310,304,329,356,305,319,317,308,315,325,350,352,372,345,374,368,311,300,327,329,281
SE322,Jämtlands län,95+,M,7,12,11,11,15,7,11,18,14,14,17,15,15,15,15,16,11,14,20,17,30,19,22,26,18,20,23,15,20,29,18,26,17,28,17,22,23,20,27,31,23,31,38,33,32,26,37,36,34,49,31,31
SE322,Jämtlands län,95+,F,14,13,7,9,17,11,11,17,21,15,16,17,27,22,17,23,20,30,32,27,48,34,32,46,35,45,53,42,53,56,58,60,60,57,56,74,53,70,81,75,76,85,79,79,92,97,64,95,103,98,104,98
SE331,Västerbottens län,0-4,M,26,20,17,21,18,16,22,19,19,23,13,15,14,14,11,15,12,22,12,14,13,13,13,15,10,7,11,9,5,4,4,4,6,8,6,1,3,3,5,6,8,8,8,2,8,5,5,9,7,1,6,0
SE331,Västerbottens län,0-4,F,26,23,19,18,17,14,10,14,26,7,15,13,14,16,16,12,9,15,19,6,14,12,16,15,13,4,10,6,7,3,6,4,10,2,4,11,3,1,0,2,2,2,4,6,3,5,3,4,3,5,5,2
SE331,Västerbottens län,5-14,M,2,8,4,6,6,4,4,8,9,4,9,3,3,4,3,6,2,4,1,4,6,3,1,2,2,1,4,3,0,2,2,3,2,1,4,2,1,2,1,1,0,2,1,3,2,3,0,1,2,0,1,1
SE331,Västerbottens län,5-14,F,7,5,3,4,6,7,3,3,3,1,4,5,0,1,4,3,3,1,3,2,3,1,0,2,0,5,0,4,3,2,4,0,2,6,0,0,5,2,1,0,0,5,0,2,1,0,2,3,1,0,0,2
SE331,Västerbottens län,15-24,M,25,14,12,17,16,21,17,15,12,16,19,9,14,15,3,9,12,13,10,16,18,17,7,10,7,7,5,7,12,8,13,3,9,13,14,5,15,13,7,9,6,13,7,9,10,9,9,13,4,10,12,13
SE331,Västerbottens län,15-24,F,6,7,10,7,5,4,6,3,6,6,6,6,5,2,5,4,6,5,4,6,5,4,2,4,2,3,8,1,4,6,1,5,5,2,10,5,2,4,5,4,3,6,5,1,2,6,3,6,1,0,4,3
SE331,Västerbottens län,25-34,M,16,25,22,22,19,23,19,13,26,24,22,21,21,20,14,15,20,14,16,16,22,19,17,10,21,13,18,11,10,12,12,16,13,12,17,11,9,14,9,11,14,12,15,9,12,12,9,13,18,18,15,19
SE331,Västerbottens län,25-34,F,5,9,5,9,7,5,11,13,12,9,6,6,6,5,9,10,8,5,6,4,5,9,13,5,9,7,6,7,6,7,1,3,7,1,3,2,4,7,4,2,9,3,8,2,5,7,3,11,5,6,6,6
SE331,Västerbottens län,35-44,M,39,26,32,26,25,32,28,36,29,24,36,25,26,26,26,40,30,28,29,21,35,31,37,25,21,29,26,27,25,27,14,20,22,26,19,21,8,16,18,20,16,17,11,17,9,15,10,22,15,12,12,12
SE331,Västerbottens län,35-44,F,19,14,18,20,12,11,18,16,20,29,16,10,17,13,11,15,17,23,22,20,27,16,14,15,20,14,11,16,9,15,11,8,8,12,8,14,13,4,7,5,13,10,5,8,13,15,6,6,6,7,7,8
SE331,Västerbottens län,45-54,M,91,75,78,79,81,98,71,86,45,71,61,73,68,71,49,67,51,56,62,59,59,45,65,62,58,44,44,71,76,61,48,59,59,42,50,48,40,48,41,44,39,36,36,39,31,34,29,29,29,27,42,24
SE331,Västerbottens län,45-54,F,53,47,44,47,44,57,42,48,40,40,43,41,30,39,33,48,34,32,38,31,29,39,40,34,29,29,33,39,34,26,34,29,42,31,26,27,21,22,27,28,31,22,21,21,34,19,21,18,15,24,29,20
SE331,Västerbottens län,55-64,M,173,189,214,194,208,219,174,173,217,231,194,221,213,197,202,211,154,182,173,193,164,153,138,137,142,109,115,107,103,111,107,114,109,104,123,127,114,128,109,116,110,124,96,101,102,97,92,80,86,88,76,77
SE331,Västerbottens län,55-64,F,127,109,87,102,125,123,112,89,97,108,88,112,105,117,93,73,94,100,73,73,84,89,91,82,76,88,57,73,71,55,67,78,78,57,66,66,78,55,74,70,69,74,70,59,61,74,58,55,64,55,57,64
SE331,Västerbottens län,65-74,M,345,353,335,409,410,413,440,429,424,384,468,478,456,396,455,415,414,403,462,421,385,374,404,348,357,348,346,273,320,308,236,273,257,236,275,244,226,216,247,215,215,219,214,231,245,232,231,260,257,244,238,257
SE331,Västerbottens län,65-74,F,232,254,235,254,246,247,238,264,225,224,230,240,239,250,230,251,210,244,254,211,261,194,229,207,205,211,216,215,214,167,167,154,158,155,155,126,145,142,142,144,144,152,166,152,154,177,165,170,140,169,163,147
SE331,Västerbottens län,75-84,M,350,389,365,445,455,456,429,440,489,477,507,491,498,513,517,524,534,524,528,517,569,532,573,554,577,535,513,543,526,524,538,518,531,518,491,484,499,455,415,417,423,451,435,450,409,433,446,420,406,368,423,414
SE331,Västerbottens län,75-84,F,349,350,301,319,381,336,353,360,454,404,436,385,414,451,464,470,461,447,481,460,488,465,480,464,479,462,441,415,457,448,432,466,454,455,468,416,439,417,393,391,364,341,377,372,391,396,356,325,352,363,408,331
SE331,Västerbottens län,85-94,M,148,130,142,143,165,162,174,175,188,201,209,191,197,199,203,217,235,247,238,243,229,257,281,245,274,267,275,302,322,308,343,322,345,320,365,396,308,352,359,358,379,401,413,421,424,418,399,442,404,401,424,464
SE331,Västerbottens län,85-94,F,153,151,103,171,175,173,198,192,232,239,239,228,245,262,267,247,275,339,315,310,366,357,375,360,432,438,430,416,434,424,472,522,456,480,542,521,515,532,557,551,597,565,547,558,618,593,569,589,600,585,602,573
SE331,Västerbottens län,95+,M,8,8,6,14,13,6,11,10,10,9,16,12,14,13,18,5,13,19,19,16,16,16,20,27,28,26,17,17,27,32,22,22,26,31,24,29,33,36,31,35,34,44,46,43,51,40,47,44,50,65,73,59
SE331,Västerbottens län,95+,F,11,6,10,14,21,10,15,13,20,21,26,23,22,20,18,30,32,32,30,24,38,46,47,37,58,48,53,49,65,54,80,70,68,84,86,88,74,94,101,99,110,124,126,111,125,136,114,142,145,154,139,126
SE332,Norrbottens län,0-4,M,39,31,34,27,29,25,22,24,28,26,23,17,21,19,10,10,11,10,17,11,13,15,16,15,12,13,11,13,11,7,8,9,9,4,10,11,7,3,9,11,4,3,8,5,9,5,8,4,5,3,5,3
SE332,Norrbottens län,0-4,F,21,22,24,18,13,17,16,18,20,20,15,21,18,11,12,15,12,12,13,9,8,9,22,13,7,11,10,5,4,6,6,7,6,6,4,4,3,5,3,4,7,3,5,2,1,2,0,5,2,6,2,6
SE332,Norrbottens län,5-14,M,13,13,10,6,9,6,10,11,11,4,8,5,6,4,4,5,5,1,9,3,5,3,7,7,2,6,3,3,1,7,4,4,2,1,4,0,1,1,4,2,2,0,1,2,0,2,0,1,1,1,1,2
SE332,Norrbottens län,5-14,F,8,7,8,5,0,3,8,4,9,2,4,5,5,1,1,1,2,2,2,4,5,3,0,2,2,2,1,4,1,0,3,0,1,2,3,1,0,2,1,1,0,1,2,1,0,0,3,1,1,0,0,0
SE332,Norrbottens län,15-24,M,24,17,13,23,24,23,25,22,21,22,19,30,21,23,15,21,19,15,16,11,22,13,14,12,20,12,12,17,12,10,13,16,16,7,8,13,12,8,8,9,13,7,10,20,13,15,15,15,8,12,7,13
SE332,Norrbottens län,15-24,F,5,11,8,3,5,8,9,9,4,10,12,8,4,2,6,7,2,1,5,6,7,8,4,4,3,2,2,5,4,6,2,4,5,6,3,5,3,5,5,6,6,4,3,7,4,6,6,1,3,2,10,7
SE332,Norrbottens län,25-34,M,22,26,19,19,29,31,25,28,26,37,23,41,27,32,32,34,34,23,32,33,20,17,32,23,20,26,16,20,16,22,13,18,8,21,13,14,13,9,9,14,7,9,16,9,14,13,21,16,14,21,19,19
SE332,Norrbottens län,25-34,F,10,12,8,6,7,6,11,12,17,15,11,12,12,16,9,9,15,5,9,4,7,4,5,5,5,11,7,9,6,6,4,7,3,4,7,7,7,4,2,5,1,5,6,7,6,2,4,3,10,6,7,6
SE332,Norrbottens län,35-44,M,36,29,38,39,40,40,28,44,40,33,39,34,43,43,46,41,44,38,30,33,44,50,47,41,42,36,38,26,34,33,30,29,27,28,28,23,29,17,19,18,24,27,22,12,15,17,19,17,17,13,15,10
SE332,Norrbottens län,35-44,F,18,18,18,16,14,21,15,15,16,26,14,14,13,20,21,18,29,20,17,12,20,21,12,28,18,8,16,6,18,10,17,16,13,18,11,13,14,12,9,8,11,6,9,6,6,8,6,8,5,7,5,14
SE332,Norrbottens län,45-54,M,88,87,75,84,90,101,84,86,90,79,83,94,104,85,89,88,66,82,78,96,66,80,48,87,62,82,70,65,72,60,66,80,59,62,59,54,64,56,32,56,48,40,42,62,43,62,54,53,49,43,60,33
SE332,Norrbottens län,45-54,F,40,45,42,47,39,46,56,54,49,34,41,36,42,42,40,35,48,31,33,37,37,40,26,41,36,42,31,50,46,31,35,39,45,30,35,39,31,29,32,27,30,38,17,27,17,26,27,19,23,18,23,25
SE332,Norrbottens län,55-64,M,223,207,197,222,200,206,187,215,217,214,237,208,231,191,218,203,225,180,209,189,175,168,170,167,148,133,131,164,138,146,157,132,134,148,138,141,140,150,144,153,160,120,146,129,138,125,103,98,105,120,94,103
SE332,Norrbottens län,55-64,F,130,111,109,96,107,112,104,106,99,113,100,95,98,86,94,87,83,75,88,82,75,84,82,86,92,92,76,69,76,62,76,87,55,74,86,94,75,78,86,90,90,58,71,69,73,72,73,72,70,64,63,65
SE332,Norrbottens län,65-74,M,307,334,329,367,353,382,398,377,427,393,408,429,450,416,419,393,400,420,389,369,373,366,373,338,349,349,344,320,304,351,309,297,307,299,306,334,276,271,243,249,245,241,255,265,287,272,291,275,273,288,269,247
SE332,Norrbottens län,65-74,F,232,207,185,223,217,215,216,227,240,198,256,231,240,215,232,255,229,231,235,237,221,181,204,208,206,196,195,191,191,181,192,171,175,174,173,157,188,164,164,152,164,149,150,149,181,159,182,173,181,197,212,166
SE332,Norrbottens län,75-84,M,320,354,330,340,374,369,403,368,386,425,419,442,466,497,464,476,509,542,560,519,512,501,559,540,510,548,457,521,560,463,551,531,532,509,503,508,525,553,501,517,542,492,479,496,493,470,442,468,497,474,492,499
SE332,Norrbottens län,75-84,F,296,316,288,285,340,323,331,340,357,360,366,402,398,388,419,447,416,408,433,428,439,428,448,445,476,437,412,459,424,454,414,450,447,421,459,440,450,448,399,412,398,413,382,412,388,367,428,409,385,423,382,414
SE332,Norrbottens län,85-94,M,121,140,126,120,134,131,129,165,171,147,158,174,178,181,193,200,200,234,232,223,236,238,240,236,265,249,254,289,280,293,308,343,346,322,327,323,336,374,355,353,395,356,370,383,417,424,435,431,414,436,431,420
SE332,Norrbottens län,85-94,F,153,167,143,132,154,139,168,170,215,201,223,209,237,274,225,282,257,284,325,287,358,372,368,352,392,409,403,435,485,450,447,519,473,498,556,520,497,477,564,558,574,522,563,572,582,574,565,589,589,534,559,585
SE332,Norrbottens län,95+,M,9,10,9,7,10,10,12,10,12,6,6,11,9,18,12,7,12,10,16,17,20,21,18,17,21,20,22,31,27,23,16,33,24,22,31,37,42,39,40,34,33,47,30,40,44,35,32,45,47,59,62,54
SE332,Norrbottens län,95+,F,11,9,12,18,10,13,9,19,19,20,15,19,25,27,23,30,25,35,41,41,43,31,48,49,49,66,42,51,73,72,70,85,95,74,91,96,86,97,101,111,111,103,102,127,122,105,103,121,114,136,125,149
